Greyhound,Plc,Date,Track,Days,Distance,Mgn,Class,Box,In Run,Price,Time,Placing
Chorus Line,4/7,2025-08-22,Sale,14,435,6.23,M,1,"3,2,2",$6.00,24.8,"1. Lakeview Liam
2. Amron Lucy
3. Velvet Lass"
Chorus Line,4/7,2025-08-08,Warragul,N/A,400,7.19,M,1,"4,3",$3.50,22.9,"1. Dr. Douglas
2. Rumour I'm Broke
3. It's Friday"
Green Shoots,3/8,2025-08-20,Sale,33,435,2.97,T3-M,3,"6,4,4",$4.40,24.8,"1. Lucky Harper
2. Riverbank Sandy"
Green Shoots,6/8,2025-07-18,Geelong,7,400,5.63,M,8,"8,6",$26.00,22.8,"1. Karen Stratus
2. Canya Speed
3. Paw Amaran"
Green Shoots,3/8,2025-07-11,Geelong,11,400,6.97,M,1,"3,3",$5.00,22.4,"1. Flying Intention
2. Flying Stratus"
Green Shoots,4/8,2025-06-30,Ballarat,4,390,4.56,T3-M,8,"6,5",$3.00,22.6,"1. Paw Bastow
2. Paw Yazmin
3. Wow His Norm"
Green Shoots,2/8,2025-06-26,Shepparton,7,390,0.75,M,5,"2,2",$5.00,22.3,"1. Powder Dry
3. Kraken Bing"
Green Shoots,2/7,2025-06-19,Shepparton,3,390,0.2,MAIDEN,3,N/A,$8.50,N/A,"1. Magic Boom
3. Berringa Black"
Green Shoots,4/7,2025-06-16,Ballarat,7,390,11.57,T3-M,2,"3,6",$3.00,22.7,"1. Red Hot Pretty
2. Literally
3. Irena Bella"
Green Shoots,6/8,2025-06-09,Shepparton,7,390,11.81,MAIDEN,6,N/A,$15.00,N/A,"1. Give A Little
2. Powder Dry
3. Unique Star"
Green Shoots,3/8,2025-06-02,Shepparton,4,390,7.29,T3-M,2,"4,4",$6.00,21.9,"1. Moyarra Kongk
2. Powder Dry"
Green Shoots,2/8,2025-05-29,Shepparton,7,390,3.66,M,1,"4,2",$4.50,22.3,"1. Golf Trip
3. Aston Lewis"
Green Shoots,3/8,2025-05-22,Shepparton,7,390,5.97,M,1,"5,4",$6.00,22.3,"1. Boy
2. Give A Little"
Green Shoots,4/8,2025-05-15,Shepparton,7,390,2.36,T3-M,2,"3,1",$5.50,22.9,"1. Grovedale Bug
2. Present Gift
3. Aston Lewis"
Green Shoots,3/8,2025-05-08,Shepparton,8,390,8.57,M,6,"5,4",$5.00,22.7,"1. Topper Snowdrift
2. Hit The Button"
Green Shoots,6/8,2025-04-30,Bendigo,5,425,2.63,M,8,"5,1,2",$2.10,25.5,"1. Mr. Sin Rap
2. Be Frank
3. Barellen Moon"
Green Shoots,4/8,2025-04-25,Shepparton,11,390,4.01,M,1,"5,4",$41.00,22.4,"1. Dashing Nando
2. Aston Ardbeg
3. Moyarra Kongk"
Green Shoots,5/8,2025-04-14,Shepparton,12,390,12.76,M,7,"7,6",$26.00,22.7,"1. Uncle Ernest
2. Simply Ned
3. Black Hawk"
Green Shoots,7/8,2025-04-02,Bendigo,N/A,425,20.19,M,6,"8,8,7",$14.00,24.1,"1. Aston Yamato
2. Olympia Onyx
3. Hollywood Icon"
Dundee Sterling,6/7,2025-08-22,Sale,5,435,11.94,M,8,"6,7,6",$16.00,24.8,"1. Lakeview Liam
2. Amron Lucy
3. Velvet Lass"
Dundee Sterling,6/8,2025-08-17,Sale,7,510,15.11,MF,3,"6,6,6",$29.00,29,"1. Dr. Leviate
2. Sweet Trilby
3. Dr. Smokey"
Dundee Sterling,4/8,2025-08-10,Sale,N/A,510,6.2,MH,8,"3,4,4",$15.00,29.2,"1. Dr. Leviate
2. Dr. Charlotte
3. Amron Lucy"
Evelyn Annie,6/8,2025-08-21,Warragul,15,460,7.07,M,5,"6,6,6",$2.25,26.6,"1. Eyewitness
2. Darnum Rocket
3. Greysynd Cruiser"
Evelyn Annie,3/8,2025-08-06,Sale,7,435,2.81,T3-M,8,"7,5,4",$1.95,25.2,"1. Monty's Return
2. Dr. Maverick"
Evelyn Annie,4/8,2025-07-30,Sale,5,435,1.86,M,3,"5,5,4",$2.40,25,"1. Ebb And Flow
2. Smooth Beauty
3. Be Courageous"
Evelyn Annie,5/8,2025-07-25,Warragul,7,400,9.16,M,6,"6,5",$13.00,22.6,"1. Aston Renminbi
2. Missy Who
3. It's Friday"
Evelyn Annie,3/6,2025-07-18,Warragul,N/A,400,3.29,M,7,"5,5",$7.50,23.3,"1. Zonda
2. Herbie"
Dr. Rafaela,7/8,2025-08-24,Sale,14,510,12.25,M,4,"7,7,7",$41.00,29.1,"1. Sweet Trilby
2. Dr. Smokey
3. Dr. Warren"
Dr. Rafaela,6/8,2025-08-10,Sale,18,510,9.04,MH,1,"6,5,5",$51.00,29.2,"1. Dr. Leviate
2. Dr. Charlotte
3. Amron Lucy"
Dr. Rafaela,8/8,2025-07-23,Sale,10,435,11.07,T3-M,4,"8,8,8",$51.00,25.1,"1. Dr. Fallon
2. Dr. Axel
3. Classy Dancer"
Dr. Rafaela,6/7,2025-07-13,Sale,4,435,19.23,M,1,"6,6,6",$12.00,24.9,"1. Mad Hatter Rose
2. Sweet Trilby
3. Dr. Louis"
Dr. Rafaela,2/8,2025-07-09,Sale,3,435,0.9,M,1,"7,5,3",$11.00,25.2,"1. Sub Station
3. Dr. Cougar"
Dr. Rafaela,7/8,2025-07-06,Sale,5,435,20.46,M,1,"8,7,7",$11.00,24.8,"1. Dr. Zaid
2. Dr. Goji
3. Mad Hatter Rose"
Dr. Rafaela,7/8,2025-07-01,Warragul,N/A,400,11.25,M,3,"8,8",$19.00,23.3,"1. Savvy Lad
2. Lenora James
3. Ultimate Beast"
Collinda Flick,6/8,2025-08-22,Sale,7,435,17.75,M,4,"8,6,6",$29.00,24.5,"1. Oddly Cool
2. Dundee Aero
3. Tattletales"
Collinda Flick,7/8,2025-08-15,Warragul,N/A,400,12.66,M,4,"7,7",$3.40,23,"1. Found Treasure
2. Lady Belmont
3. Magic Margo"
Awesome Bindi,7/8,2025-07-31,Warragul,7,400,13.69,T3-M,8,"5,7",$51.00,23,"1. Herbie
2. Audacious Chief
3. Waltzing Aurora"
Awesome Bindi,8/8,2025-07-24,Warragul,8,400,21.2,M,4,"5,8",$21.00,23.1,"1. West On Beattie
2. Rumour I'm Broke
3. Waltzing Aurora"
Awesome Bindi,8/8,2025-07-16,Sale,35,435,24.43,T3-M,7,"2,7,8",$12.00,25.2,"1. Dr. Cougar
2. Brindle Motion
3. Dr. Axel"
Awesome Bindi,8/8,2025-06-11,Sale,6,435,11.37,M,4,"6,8,8",$4.80,25,"1. Dundee Spike
2. Brindle Motion
3. Lucky Harper"
Awesome Bindi,6/6,2025-06-05,Ballarat,4,390,12.14,SH,5,"6,6",$51.00,22.4,"1. Candy Stride
2. Fleetwood Eros
3. Special Teams"
Awesome Bindi,6/8,2025-06-01,Sale,8,435,11.09,M,1,"1,5,6",$9.50,24.9,"1. Catch A Cutie
2. Jumbuk Mahmood
3. Minh Sasha"
Awesome Bindi,7/7,2025-05-24,Geelong,10,400,20.47,M,4,"5,7",$8.50,22.5,"1. Manila Phantom
2. Volts
3. Saleena Bale"
Awesome Bindi,3/8,2025-05-14,Ballarat,7,450,7.79,MF,1,"1,1,3",$31.00,25.5,"1. Rivers Meet
2. Impactful"
Awesome Bindi,4/8,2025-05-07,Ballarat,7,450,7.33,MH,1,"1,1,2",$13.00,25.8,"1. Key Begonia
2. Ian Albert
3. Impactful"
Awesome Bindi,3/8,2025-04-30,Sale,3,435,5.9,M,2,"1,3,3",$6.00,24.9,"1. Princess Lass
2. Riverbank Sandy"
Awesome Bindi,3/8,2025-04-27,Sale,7,435,4.47,M,4,"2,2,2",$13.00,24.8,"1. Quick Response
2. Hafnium"
Awesome Bindi,4/8,2025-04-20,Sale,7,435,9.71,M,3,"1,2,3",$6.00,24.9,"1. Reel Ritza
2. Daintree Bullet
3. Skywalker Rose"
Awesome Bindi,8/8,2025-04-13,Bendigo,N/A,425,18.19,MH,4,"4,4,8",$31.00,23.7,"1. Fastened
2. Vista Vampire
3. Wave In Sea"
Dr. Yamir,6/7,2025-08-19,Warragul,11,460,9.91,MH,6,"6,6,7",$41.00,26.3,"1. Resisting
2. Dewana Lipinski
3. Major Impact"
Dr. Yamir,7/7,2025-08-08,Warragul,5,400,18.56,M,3,"7,7",$4.33,22.5,"1. Lissy's A Demon
2. Magic Margo
3. Danyo's Tex"
Dr. Yamir,5/8,2025-08-03,Sale,N/A,435,6.2,M,8,"6,6,6",$4.40,24.8,"1. Cartman
2. Lucky Harper
3. Found Treasure"
Speedy Sprinkles,7/7,2025-08-13,Capalaba,20,366,9.75,PM,1,"7,6",$51.00,20.6,"1. Meg's Maid
2. Clean Air
3. Classic Case"
Speedy Sprinkles,8/8,2025-07-24,Q Straight,32,300,16.25,M,8,6,$51.00,16.8,"1. Red Hot Penny
2. Typhoon Tahlia
3. Zabdon Blondie"
Speedy Sprinkles,8/8,2025-06-22,Albion Park,21,331,8.5,M,4,8,$91.00,19.6,"1. Federal Rebel
2. Federal Escape
3. Currency Convert"
Speedy Sprinkles,7/8,2025-06-01,Q1 Lakeside,24,352,10.25,M,2,"7,6,7",$41.00,20.2,"1. Bee's The Word
2. Sassy Snow
3. Stay Tipsy"
Speedy Sprinkles,8/8,2025-05-08,Q1 Lakeside,7,352,12.25,M,4,N/A,$51.00,20.2,"1. Lavana Lee
2. Goldstar George
3. Black Feature"
Speedy Sprinkles,8/8,2025-05-01,Q1 Lakeside,N/A,352,14.25,M,3,"8,8",$17.00,20.5,"1. Aston Athol
2. Mally's Boy
3. Noble Toby"
In Stiches,5/7,2025-08-17,Capalaba,7,366,8.5,M,1,"2,3",$91.00,20.2,"1. Zipping Daly
2. Orlando Beach
3. Regal Malt"
In Stiches,7/7,2025-08-10,Capalaba,7,366,22.25,M,4,"2,3",$71.00,19.9,"1. Around The Twist
2. Miss Righteous
3. Commissar Cain"
In Stiches,4/6,2025-08-03,Capalaba,53,366,6.25,M,4,"2,2",$101.00,20.7,"1. Zipping Snead
2. Big Eddie
3. Flying Argos"
In Stiches,7/8,2025-06-11,Capalaba,90,366,12.75,PM,3,"8,8",$41.00,20.7,"1. Fame Beckons
2. Jilliby Fletch
3. Strikes Twice"
In Stiches,7/8,2025-03-13,Ipswich,14,288,10.75,M,6,7,$23.00,17.4,"1. Brother Ronny
2. Lakoda Focus
3. Twisted Lies"
In Stiches,5/8,2025-02-27,Ipswich,74,288,8.25,M,6,6,$14.00,17.5,"1. Tuta Longevity
2. Share The Dream
3. Out Of Control"
In Stiches,7/7,2024-12-15,Grafton,24,350,18,M,2,"7,6,6",$0.00,20,"1. Bago Promise
2. Whispering Sally
3. Bing Bonus"
In Stiches,6/8,2024-11-21,Ipswich,84,288,11.25,M,2,5,$0.00,17.4,"1. Anna Rumble
2. Maywyn Garth
3. Irish Elk"
In Stiches,3/8,2024-08-29,Ipswich,38,288,12.25,M,1,5,$8.00,17.1,"1. Burringbar Wizz
2. Famous Last Word"
In Stiches,6/8,2024-07-22,Bundaberg,32,315,20.75,M,8,5,$34.00,17.8,"1. Nicholasville
2. Aston Treadrea
3. Ginger Blazer"
In Stiches,7/7,2024-06-20,Ipswich,N/A,288,18,M,2,2,$6.50,17.4,"1. Yamato
2. Fiery Beast
3. Sirius Angus"
One Eye,4/6,2025-08-15,Q1 Lakeside,9,390,5.5,PM,6,N/A,$51.00,22.2,"1. Goldstar George
2. Zabdon No Doubt
3. Zabdon Blondie"
One Eye,7/8,2025-08-06,Q1 Lakeside,3,352,4.75,PM,5,"7,8",$26.00,20.5,"1. Hard Style Tiger
2. Hara's Hudson
3. Brodie And Me"
One Eye,4/4,2025-08-03,Capalaba,10,366,8.75,M,2,"3,3",$51.00,20.6,"1. Hara's Otis
2. Panama Loco
3. Bright Belle"
One Eye,8/8,2025-07-24,Q Straight,7,300,9.75,M,4,8,$0.00,17.2,"1. Ant Music
2. Lucky Time
3. Bombastic Lola"
One Eye,4/8,2025-07-17,Q Straight,7,300,5.25,PM,4,5,$14.00,16.8,"1. He's On Show
2. Zabdon No Doubt
3. King Moses"
One Eye,8/8,2025-07-10,Q Straight,36,350,9.25,M,8,"4,7",$91.00,19.6,"1. Versification
2. Colonel's Ranger
3. Tibetan Belle"
One Eye,6/6,2025-06-04,Capalaba,7,366,11.5,M,1,"4,5",$29.00,20.6,"1. Ice Rider
2. So Simple
3. Ripple Linger"
One Eye,4/8,2025-05-28,Capalaba,7,366,4.25,PM,6,"7,6",$8.50,20.8,"1. Lil Missy
2. King Moses
3. Spitfire Marcy"
One Eye,5/8,2025-05-21,Capalaba,7,366,10.25,M,8,"7,7",$41.00,20.2,"1. Millie Beach
2. So Simple
3. Ice Rider"
One Eye,5/8,2025-05-14,Capalaba,10,366,7.25,M,3,"6,7",$51.00,20.6,"1. Sassy Vixen
2. Heading North
3. Ice Rider"
One Eye,5/8,2025-05-04,Capalaba,4,366,9.25,M,2,"6,8",$67.00,20.4,"1. Conduction
2. Mally's Boy
3. Hard Style Tiger"
One Eye,6/8,2025-04-30,Capalaba,3,366,6.5,PM,6,"7,7",$34.00,20.5,"1. My Man Jackson
2. Almighty Leo
3. So Simple"
One Eye,5/7,2025-04-27,Capalaba,7,366,9.75,M,3,"5,7",$61.00,20.5,"1. Crisis Averted
2. Hard Style Tiger
3. Ringbark Scary"
One Eye,5/8,2025-04-20,Q1 Lakeside,11,390,12,M,2,"3,3",$51.00,22.1,"1. Scotch You
2. Harry's Hill
3. Popular Monster"
One Eye,4/8,2025-04-09,Albion Park,43,395,6.5,PM,8,6,$67.00,23.5,"1. Kevie's Chosen
2. Forever Smiling
3. Remember Pal"
One Eye,4/8,2025-02-25,Ipswich,23,431,7.75,PM,2,6,$8.50,26,"1. Forge Ahead
2. Maywyn A Harley
3. Lizzy Legs"
One Eye,8/8,2025-02-02,Albion Park,3,331,12.25,M,3,8,$91.00,19.3,"1. Someone's Idea
2. Two Cent Tilly
3. Yogi Unleashed"
One Eye,6/8,2025-01-30,Ipswich,60,288,10.25,M,6,8,$29.00,17.7,"1. Secret Sumatra
2. She's A Mystery
3. Zero Liquor"
One Eye,7/8,2024-12-01,Albion Park,7,331,17.25,M,7,7,$0.00,19.4,"1. Auburn Queen
2. Forever Smiling
3. Boom Boom Bernie"
One Eye,4/8,2024-11-24,Albion Park,N/A,331,12.5,M,7,8,$0.00,19.3,"1. Fly Direct
2. Fernando Force
3. Bundy Dash"
Batman Returns,5/8,2025-08-24,Q Straight,11,300,2.75,PM,3,2,$8.50,17,"1. Bombastic Lola
2. Zabdon Blondie
3. Brodie And Me"
Batman Returns,4/7,2025-08-13,Capalaba,3,366,2.5,PM,7,"2,1",$51.00,20.6,"1. Meg's Maid
2. Clean Air
3. Classic Case"
Batman Returns,8/8,2025-08-10,Q Straight,28,300,9,PM,8,7,$10.00,17.1,"1. Asawa Baby
2. Sundowner Stop
3. Remember Pal"
Batman Returns,8/8,2025-07-13,Q Straight,11,300,12.75,M,2,8,$41.00,16.8,"1. Noaki Warrior
2. Shy Hi
3. Exhibit"
Batman Returns,5/7,2025-07-02,Capalaba,35,366,8.75,M,3,"4,4",$51.00,21,"1. Malipano Beach
2. Zabdon Skippy
3. Zabdon Blondie"
Batman Returns,8/8,2025-05-28,Capalaba,7,366,11.25,PM,3,"2,2",$12.00,20.8,"1. Lil Missy
2. King Moses
3. Spitfire Marcy"
Batman Returns,4/5,2025-05-21,Capalaba,24,366,12,M,2,"1,1",$91.00,20.6,"1. Cyclone Tim
2. Mally's Boy
3. Infrared Power"
Batman Returns,8/8,2025-04-27,Capalaba,178,366,24.25,M,6,"1,2",$61.00,20.5,"1. Turbo Tully
2. Ice Rider
3. Mally's Boy"
Batman Returns,8/8,2024-10-31,Albion Park,88,331,55.5,M,4,4,$12.00,19.1,"1. Cake Is Yummy
2. Federal Tommy
3. Panama Pursuit"
Batman Returns,8/8,2024-08-04,Albion Park,3,331,32.25,M,7,3,$51.00,19.4,"1. Whispering Mist
2. Hara's Hudson
3. Walk Away Renee"
Batman Returns,4/7,2024-08-01,Ipswich,11,288,17.25,M,8,6,$5.00,17.2,"1. Shamrock Lady
2. Viola Rumble
3. Come On Franky"
Batman Returns,6/7,2024-07-21,Albion Park,3,331,13.75,M,3,3,$7.00,19.4,"1. Bombastic
2. Fire Up Pope
3. Greystone Hawk"
Batman Returns,3/8,2024-07-18,Ipswich,15,288,4.25,M,4,3,$17.00,17.4,"1. Little Jasper
2. Long Time Friend"
Batman Returns,8/8,2024-07-03,Ipswich,27,288,19,M,8,3,$10.00,17.4,"1. Honey Bunch
2. Indian Rupee
3. Fire Fly Billy"
Batman Returns,7/7,2024-06-06,Ipswich,N/A,288,15,M,6,2,$41.00,17.2,"1. Where's The Bomb
2. Kona Girl
3. Nunniong"
Federal Master,6/8,2025-07-21,Q Straight,8,350,2.5,M,6,"3,2,4",$18.00,20,"1. She's Dynamite
2. Joy Moo Moo
3. Shy Hi"
Federal Master,8/8,2025-07-13,Capalaba,24,366,9.75,M,5,"2,2",$22.00,20.3,"1. Banora Beach
2. Miss Righteous
3. Smoky Chipotle"
Federal Master,8/8,2025-06-19,Q1 Lakeside,18,352,12,M,7,"3,7",$7.50,20.1,"1. Advika
2. Princess Darcy
3. Goldstar Hector"
Federal Master,6/8,2025-06-01,Capalaba,3,366,5.25,M,4,"3,4",$10.00,20.3,"1. Rose Of Alabama
2. Bentley Moana
3. Cliff Clavin"
Federal Master,2/8,2025-05-29,Albion Park,11,331,0.75,M,6,1,$4.20,19.9,"1. Boonie's Mate
3. Tahitian Star"
Federal Master,7/8,2025-05-18,Albion Park,7,331,5.5,M,7,N/A,$3.50,19.7,"1. Goldstar Foster
2. Quarter Share
3. Stay Warm David"
Federal Master,6/8,2025-05-11,Capalaba,7,366,7.25,MF,2,"2,2",$7.50,20.1,"1. Sarah's Price
2. Mally's Boy
3. Sassy Vixen"
Federal Master,3/8,2025-05-04,Capalaba,7,366,2,M,7,"1,1",$4.20,20.3,"1. Sarah's Price
2. Almighty Leo"
Federal Master,7/8,2025-04-27,Capalaba,7,366,6,MF,1,"1,3",$20.00,20.6,"1. Racing Queen
2. Bentley Moana
3. Bentley Harris"
Federal Master,4/8,2025-04-20,Capalaba,11,366,7.75,M,2,N/A,$17.00,20.2,"1. Bentley Harris
2. Conduction
3. Big Operator"
Federal Master,8/8,2025-04-09,Albion Park,61,395,33.25,M,5,6,$51.00,22.6,"1. Marg
2. Breakout Lad
3. Ellie's Lad"
Federal Master,7/8,2025-02-07,Ipswich,N/A,431,28.25,M,8,3,$9.00,25,"1. Juniper Rose
2. Almighty Leo
3. Blazing Vision"
Polly's Vibe,7/8,2025-07-06,Albion Park,7,331,10,M,1,7,$2.70,19.4,"1. Currency Convert
2. Mary Poppins
3. We Different"
Polly's Vibe,2/8,2025-06-29,Albion Park,7,331,0.5,M,6,2,$12.00,19.6,"1. Infrared Power
3. Shine On Annie"
Polly's Vibe,3/8,2025-06-22,Albion Park,7,331,8.25,M,3,4,$16.00,19.1,"1. Made You Look
2. Turuva"
Polly's Vibe,3/8,2025-06-15,Albion Park,7,331,4.25,M,4,3,$8.00,19.3,"1. Turuva
2. Do The Maths"
Polly's Vibe,6/8,2025-06-08,Capalaba,7,366,6.75,M,3,"1,2",$51.00,20.6,"1. Untrained Eye
2. Tahitian Star
3. Specifically"
Polly's Vibe,6/8,2025-06-01,Q1 Lakeside,4,352,8,M,3,"8,7,6",$8.00,20.2,"1. Bee's The Word
2. Sassy Snow
3. Stay Tipsy"
Polly's Vibe,5/8,2025-05-28,Albion Park,24,395,6,PM,5,6,$3.80,23.5,"1. Danni And You
2. Remember Pal
3. Strong Boy"
Polly's Vibe,5/7,2025-05-04,Albion Park,11,331,11,M,3,6,$11.00,19.2,"1. Silva Hayze
2. We Different
3. Maggie Loye"
Polly's Vibe,5/6,2025-04-23,Albion Park,14,395,2.25,M,4,5,$10.00,23.4,"1. Huckleberry Hugo
2. No Junk
3. Non Stop Wizard"
Polly's Vibe,5/8,2025-04-09,Albion Park,19,395,7.75,PM,7,7,$4.80,23.5,"1. Kevie's Chosen
2. Forever Smiling
3. Remember Pal"
Polly's Vibe,4/8,2025-03-21,Ipswich,35,431,9.25,M,5,4,$11.00,25.5,"1. Veracious Val
2. Missy Moo Moo
3. Spring Selena"
Polly's Vibe,7/7,2025-02-14,Ipswich,5,431,20.75,O,7,7,$91.00,25,"1. Savanna Beach
2. Hold The Gavel
3. Oscar Bravo"
Polly's Vibe,7/8,2025-02-09,Capalaba,39,366,27,M,3,"7,7",$81.00,20.1,"1. Brindle Fugitive
2. Ice Rider
3. Bogie Pride"
Polly's Vibe,4/8,2025-01-01,Ipswich,13,288,4.25,M,6,6,$3.40,18,"1. Where's My Star
2. Yogi Unleashed
3. Holly Be Merry"
Polly's Vibe,2/8,2024-12-19,Ipswich,N/A,288,3.25,M,7,3,$15.00,17.4,"1. Ace Diva
3. Optimise"
Bundy Black,5/8,2025-08-06,Q1 Lakeside,3,352,3.5,PM,2,"4,4",$29.00,20.5,"1. Hard Style Tiger
2. Hara's Hudson
3. Brodie And Me"
Bundy Black,6/6,2025-08-03,Capalaba,10,366,11.75,M,5,"3,3",$101.00,20.7,"1. Zipping Snead
2. Big Eddie
3. Flying Argos"
Bundy Black,7/8,2025-07-24,Q Straight,7,300,13.25,M,7,3,$61.00,16.8,"1. Red Hot Penny
2. Typhoon Tahlia
3. Zabdon Blondie"
Bundy Black,5/8,2025-07-17,Q Straight,7,300,7.5,PM,8,4,$14.00,16.8,"1. He's On Show
2. Zabdon No Doubt
3. King Moses"
Bundy Black,8/8,2025-07-10,Q Straight,50,350,14.5,M,8,"4,7",$67.00,20.1,"1. Undeniable Grit
2. Not The Deputy
3. Chasing Cheques"
Bundy Black,4/8,2025-05-21,Capalaba,7,366,10,M,6,"5,4",$101.00,20.2,"1. Millie Beach
2. So Simple
3. Ice Rider"
Bundy Black,7/8,2025-05-14,Capalaba,3,366,13.25,M,4,"8,8",$51.00,20.6,"1. Sassy Vixen
2. Heading North
3. Ice Rider"
Bundy Black,4/8,2025-05-11,Albion Park,7,331,2.5,PM,4,6,$23.00,19.9,"1. Non Stop Wizard
2. Goldstar Foster
3. Wife's Furious"
Bundy Black,6/8,2025-05-04,Capalaba,4,366,8.25,M,6,"2,3",$101.00,20.3,"1. Sarah's Price
2. Almighty Leo
3. Federal Master"
Bundy Black,8/8,2025-04-30,Capalaba,3,366,11.5,PM,4,"4,5",$41.00,20.5,"1. My Man Jackson
2. Almighty Leo
3. So Simple"
Bundy Black,6/8,2025-04-27,Capalaba,7,366,12.25,M,4,"2,4",$91.00,20.5,"1. Turbo Tully
2. Ice Rider
3. Mally's Boy"
Bundy Black,8/8,2025-04-20,Capalaba,77,366,16.75,M,3,N/A,$101.00,20.2,"1. Bentley Harris
2. Conduction
3. Big Operator"
Bundy Black,8/8,2025-02-02,Albion Park,94,331,15.75,M,6,8,$91.00,19.4,"1. Who's Idea
2. Noaki King
3. Basil Fawlty"
Bundy Black,4/8,2024-10-31,Albion Park,25,331,10.75,M,8,5,$41.00,19.1,"1. Cake Is Yummy
2. Federal Tommy
3. Panama Pursuit"
Bundy Black,5/8,2024-10-06,Albion Park,10,331,12,M,8,8,$34.00,19.2,"1. Dreamer
2. Okinawa
3. Speedy Ben"
Bundy Black,8/8,2024-09-26,Ipswich,14,288,7.5,M,8,8,$29.00,17.4,"1. Viola Rumble
2. Blue Bonus
3. Sirius Charlie"
Bundy Black,6/8,2024-09-12,Ipswich,14,288,7.75,M,3,5,$34.00,17.2,"1. Ginger Blazer
2. Cake Is Yummy
3. Involved"
Bundy Black,2/8,2024-08-29,Ipswich,11,288,0.13,M,1,7,$29.00,17.8,"1. Mayflower Babe
3. Groovy Georgie"
Bundy Black,8/8,2024-08-18,Albion Park,11,331,14.5,M,8,7,$71.00,19.7,"1. Polish On
2. Mr. Morningstar
3. Jelly Is Back"
Bundy Black,8/8,2024-08-07,Capalaba,N/A,366,16.25,M,6,"8,8",$101.00,20,"1. Winnie Rumble
2. This Time
3. Phantom Juliet"
Brodie And Me,3/8,2025-08-24,Q Straight,9,300,1.75,PM,4,6,$20.00,17,"1. Bombastic Lola
2. Zabdon Blondie"
Brodie And Me,6/6,2025-08-15,Q1 Lakeside,5,390,12.25,PM,7,N/A,$19.00,22.2,"1. Goldstar George
2. Zabdon No Doubt
3. Zabdon Blondie"
Brodie And Me,5/8,2025-08-10,Q Straight,4,300,6.5,PM,5,6,$11.00,17.1,"1. Asawa Baby
2. Sundowner Stop
3. Remember Pal"
Brodie And Me,3/8,2025-08-06,Q1 Lakeside,17,352,3.25,PM,6,"5,5",$17.00,20.5,"1. Hard Style Tiger
2. Hara's Hudson"
Brodie And Me,8/8,2025-07-20,Taree,14,300,15.75,M,1,"4,6",$71.00,17.3,"1. Very Savage
2. Novel
3. Ironbark Boy"
Brodie And Me,6/8,2025-07-06,Albion Park,4,331,10,M,8,8,$31.00,19.4,"1. Federal Escape
2. Exhibit
3. Wrong Side Up"
Brodie And Me,6/8,2025-07-02,Q1 Lakeside,3,352,13.25,PM,8,"8,8",$8.50,20.4,"1. Nightmare Run
2. Remember Pal
3. Copperhead Road"
Brodie And Me,6/8,2025-06-29,Albion Park,2,331,8,M,8,6,$19.00,19.7,"1. Jilliby Fletch
2. Currency Convert
3. Furious Rage"
Brodie And Me,7/8,2025-06-27,Q1 Lakeside,9,390,15.75,M,5,"7,6",$71.00,21.9,"1. Out Of Whiskey
2. Tippy Toe
3. Goldstar Aimee"
Brodie And Me,3/7,2025-06-18,Albion Park,3,395,2.25,PM,8,3,$7.50,23.5,"1. Lady Violetta
2. He's On Show"
Brodie And Me,5/8,2025-06-15,Albion Park,4,331,16.25,M,5,8,$15.00,19.3,"1. Made You Look
2. Missy Moo Moo
3. Furious Rage"
Brodie And Me,4/8,2025-06-11,Albion Park,7,395,9.75,M,6,4,$71.00,23,"1. Cheap Perfume
2. Gus The Great
3. Scotty's Idea"
Brodie And Me,7/8,2025-06-04,Albion Park,7,395,5.75,M,5,4,$14.00,23.6,"1. Crowley
2. Mary Poppins
3. Boonie's Bella"
Brodie And Me,4/8,2025-05-28,Albion Park,14,395,5.75,PM,4,4,$7.50,23.5,"1. Danni And You
2. Remember Pal
3. Strong Boy"
Brodie And Me,6/8,2025-05-14,Capalaba,3,366,5.75,M,3,"3,5",$67.00,20.5,"1. Almighty Leo
2. Roosevelt's Boy
3. Untrained Eye"
Brodie And Me,6/8,2025-05-11,Capalaba,7,366,12.75,M,6,"7,7",$67.00,20.1,"1. Black Raspberry
2. Gypsy's Girl
3. Moroccan Hero"
Brodie And Me,5/8,2025-05-04,Albion Park,4,331,4.75,M,1,6,$10.00,19.7,"1. Candy Smash
2. Shy Hi
3. End Of Tunnel"
Brodie And Me,7/8,2025-04-30,Albion Park,5,395,18.75,M,5,7,$61.00,22.7,"1. Mystery Of Zac
2. Conduction
3. At The Pond"
Brodie And Me,3/8,2025-04-25,Q1 Lakeside,N/A,390,9.25,M,1,"3,4",$26.00,22.3,"1. Spotted Malt
2. Genovese"
Smokin' Wal,2/8,2025-08-20,Temora,7,330,6.5,M,7,N/A,$9.00,18.7,"1. Silent Minute
3. House Money"
Smokin' Wal,3/8,2025-08-13,Temora,7,330,8.25,M,4,N/A,$7.50,18.7,"1. Ledger's Desire
2. Baz Intention"
Smokin' Wal,2/8,2025-08-06,Temora,7,330,3.75,M,2,N/A,$7.50,19,"1. Leg It Lucy
3. Ratbag Load"
Smokin' Wal,6/8,2025-07-30,Gunnedah,7,340,5.5,M,8,"8,7,6",$19.00,20.1,"1. Stratavon Sissy
2. Scootin' Scooby
3. Hold Firm"
Smokin' Wal,5/8,2025-07-23,Temora,7,330,11.25,M,6,N/A,$19.00,19,"1. Flashback Jim
2. Leg It Lucy
3. Lumeah Tommy"
Smokin' Wal,5/8,2025-07-16,Gunnedah,28,340,7,M,1,"5,5,5",$2.50,20.2,"1. Lunar Blast
2. Self Inflicted
3. All About Piper"
Smokin' Wal,4/8,2025-06-18,Temora,58,330,11.75,M,8,N/A,$10.00,18.9,"1. Shuffle
2. Impress Seminyak
3. Aston Zelda"
Smokin' Wal,4/7,2025-04-21,Maitland,N/A,400,7.25,M,1,"4,5,5",$8.00,22.5,"1. Diva Ethics
2. Barsando
3. Nature Boy"
Sycamore Twinkle,6/6,2025-06-09,Wagga Wagga,21,400,15,M,5,N/A,$51.00,23.9,"1. Sycamore Cookie
2. Rupertus
3. Olympia Izmir"
Sycamore Twinkle,6/6,2025-05-19,Wagga Wagga,49,320,11,MH,1,N/A,$20.00,18.8,"1. Indecision
2. Riesling Grace
3. Cawbourne Mochi"
Sycamore Twinkle,6/6,2025-03-31,Wagga Wagga,21,320,17.25,M,4,N/A,$34.00,18.7,"1. Yathong Tiger
2. Even Bigger Deal
3. Olympia Izmir"
Sycamore Twinkle,6/7,2025-03-10,Wagga Wagga,14,320,10.75,MH,6,N/A,$51.00,18.9,"1. Dokken
2. Canya Rapid Fire
3. Olympia Izmir"
Sycamore Twinkle,7/7,2025-02-24,Wagga Wagga,75,320,15.75,MH,1,N/A,$3.90,18.9,"1. Fayetta
2. Tiggerlong Roy
3. Laced Up"
Sycamore Twinkle,7/8,2024-12-11,Temora,N/A,330,11.25,M,6,N/A,$0.00,19.2,"1. Tango Anna
2. Dark Panther
3. Rhi's Girl"
Baz Intention,5/8,2025-08-20,Temora,7,330,9.25,M,3,N/A,$7.50,18.7,"1. Silent Minute
2. Smokin' Wal
3. House Money"
Baz Intention,2/8,2025-08-13,Temora,7,330,6.25,M,1,N/A,$11.00,18.7,"1. Ledger's Desire
3. Smokin' Wal"
Baz Intention,6/8,2025-08-06,Temora,7,330,12,M,4,N/A,$9.50,19,"1. Leg It Lucy
2. Smokin' Wal
3. Ratbag Load"
Baz Intention,4/8,2025-07-30,Temora,14,330,6.5,M,7,N/A,$20.00,18.8,"1. Irinka Fred
2. Itchy Knee Sung
3. Swanky Lemon"
Baz Intention,5/8,2025-07-16,Temora,7,330,8,M,2,N/A,$21.00,18.9,"1. Itchy's Magic
2. Leg It Lucy
3. Itchy Knee Sung"
Baz Intention,8/8,2025-07-09,Temora,N/A,330,10,M,5,N/A,$13.00,19.2,"1. Billie Girl
2. Itchy Knee Sung
3. Slick Tease"
Itchy Knee Sung,2/8,2025-08-20,Temora,7,330,0.13,M,3,N/A,$2.05,19.2,"1. Fire Up Ellwood
3. Count Joker"
Itchy Knee Sung,3/7,2025-08-13,Temora,7,457,10.25,M,1,N/A,$10.00,25.8,"1. Irinka Brett
2. Irinka Wayne"
Itchy Knee Sung,5/8,2025-08-06,Temora,7,330,8.25,M,5,N/A,$1.70,19.1,"1. Swanky Lemon
2. Lone Dazzler
3. Let's Go Ari"
Itchy Knee Sung,2/8,2025-07-30,Temora,7,330,0.75,M,6,N/A,$5.00,18.8,"1. Irinka Fred
3. Swanky Lemon"
Itchy Knee Sung,4/8,2025-07-23,Temora,7,330,5.25,M,2,N/A,$1.60,19,"1. Dark Lord
2. Rockholes Viv
3. Double Bingo"
Itchy Knee Sung,3/8,2025-07-16,Temora,7,330,2,M,4,N/A,$3.40,18.9,"1. Itchy's Magic
2. Leg It Lucy"
Itchy Knee Sung,2/8,2025-07-09,Temora,7,330,0.13,M,1,N/A,$2.70,19.2,"1. Billie Girl
3. Slick Tease"
Itchy Knee Sung,5/8,2025-07-02,Temora,7,330,4.5,M,5,N/A,$3.60,19.5,"1. Move Over Joe
2. Lone Sizzler
3. Silent Minute"
Itchy Knee Sung,2/8,2025-06-25,Temora,7,330,1,M,2,N/A,$2.90,19.4,"1. Aston Zelda
3. Lone Sizzler"
Itchy Knee Sung,5/8,2025-06-18,Temora,21,330,18.75,M,1,N/A,$4.50,18.9,"1. Shuffle
2. Impress Seminyak
3. Aston Zelda"
Itchy Knee Sung,4/8,2025-05-28,Temora,28,330,5.25,M,3,N/A,$9.50,19,"1. Spiralling
2. Nugget Ned
3. Impress Kuta"
Itchy Knee Sung,2/8,2025-04-30,Temora,7,330,3.75,M,7,N/A,$11.00,18.9,"1. Benny Moko
3. Silvertree Scar"
Itchy Knee Sung,7/8,2025-04-23,Temora,N/A,330,10,M,5,N/A,$15.00,18.8,"1. Polka Dot Pink
2. Smoky's Desire
3. Dozen Nuggets"
Reefton Wrecker,7/8,2025-08-20,Temora,7,330,10,M,5,N/A,$101.00,19.2,"1. Fire Up Ellwood
2. Itchy Knee Sung
3. Count Joker"
Reefton Wrecker,7/8,2025-08-13,Temora,7,330,16.75,M,2,N/A,$81.00,18.7,"1. Ledger's Desire
2. Baz Intention
3. Smokin' Wal"
Reefton Wrecker,8/8,2025-08-06,Temora,7,330,10.5,M,6,N/A,$101.00,19.1,"1. Swanky Lemon
2. Lone Dazzler
3. Let's Go Ari"
Reefton Wrecker,7/8,2025-07-30,Temora,7,457,23,M,7,N/A,$101.00,25.8,"1. Temora Terror
2. Double Bingo
3. Irinka Wayne"
Reefton Wrecker,5/8,2025-07-23,Temora,49,330,10,M,1,N/A,$61.00,19,"1. Dark Lord
2. Rockholes Viv
3. Double Bingo"
Reefton Wrecker,7/7,2025-06-04,Temora,5,457,19.5,XM5,6,N/A,$101.00,25.7,"1. Ding's Sandy
2. Club Miami
3. Spring Focus"
Reefton Wrecker,6/7,2025-05-30,Wagga Wagga,16,400,19.5,M,2,N/A,$22.00,23.4,"1. Lone Rustler
2. He's A Tiger
3. Olympia Izmir"
Reefton Wrecker,5/7,2025-05-14,Temora,12,457,23.75,M,3,N/A,$67.00,25.5,"1. Magpie Hector
2. Club Miami
3. Blue Swallow"
Reefton Wrecker,8/8,2025-05-02,Wagga Wagga,9,320,11.5,M,4,N/A,$17.00,18.8,"1. Angel's Emma
2. Truffles Girl
3. Guarded Faith"
Reefton Wrecker,3/6,2025-04-23,Temora,14,457,8,M,4,N/A,$7.00,26.1,"1. My Irish Donn
2. Lumeah Rocket"
Reefton Wrecker,4/8,2025-04-09,Temora,7,330,7.75,M,1,N/A,$6.00,18.8,"1. Fulfilment
2. Silvertree Scar
3. Even Bigger Deal"
Reefton Wrecker,3/8,2025-04-02,Temora,7,330,3.75,M,4,N/A,$21.00,19.1,"1. Kim Laurice
2. Aston Zelda"
Reefton Wrecker,5/8,2025-03-26,Temora,10,457,3.5,M,3,N/A,$20.00,26.3,"1. Long Island Blue
2. Mawonga Man
3. My Irish Donn"
Reefton Wrecker,3/7,2025-03-16,Temora,7,457,5.75,M,1,N/A,$91.00,26.2,"1. Forest Prince
2. My Irish Donn"
Reefton Wrecker,7/8,2025-03-09,Temora,23,457,9.25,M,2,N/A,$126.00,26.2,"1. Gold Revolver
2. My Irish Donn
3. Irinka Mandy"
Reefton Wrecker,7/8,2025-02-14,Goulburn,4,440,10.25,M,6,"6,6,6,7",$67.00,25.3,"1. Nieta Rose
2. Lumeah Nancy
3. Mr. Moodie"
Reefton Wrecker,4/7,2025-02-10,Goulburn,10,350,7,MH,3,"5,4,4",$21.00,20.1,"1. Reggae Ethics
2. Ferocious Tito
3. Oh Indeed"
Reefton Wrecker,6/8,2025-01-31,Goulburn,14,440,6,M,4,"7,6,7,6",$91.00,25.5,"1. Ammy's Boy
2. Black Granite
3. Ferocious Vaughn"
Reefton Wrecker,7/7,2025-01-17,Goulburn,4,350,11.5,MF,8,"6,2,7",$67.00,20.6,"1. Spinner Kade
2. Darby Said
3. Ashley's Angel"
Reefton Wrecker,3/6,2025-01-13,Goulburn,N/A,350,7.25,MH,3,"4,5,3",$14.00,20.3,"1. Darby Said
2. Spinner Kade"
Irinka Mandy,4/8,2025-07-16,Gunnedah,32,431,11,M,4,"5,6,4",$5.00,24.9,"1. Lily Bloom
2. Aunty Eve
3. Quirky Nacho"
Irinka Mandy,7/8,2025-06-14,Dubbo,7,516,9.25,XM5,4,"3,7,7,7,7",$6.00,30.1,"1. Little King
2. Merry Merriwa
3. Lumeah Rocket"
Irinka Mandy,2/6,2025-06-07,Dubbo,3,516,3.25,XM5,1,"2,4,4,4,2",$1.85,30.1,"1. Model Fernanda
3. Zipping Streep"
Irinka Mandy,4/8,2025-06-04,Temora,4,457,2.5,XM5,7,N/A,$9.00,26.1,"1. Spiralling
2. Yathong Tiger
3. Mom's Spaghetti"
Irinka Mandy,4/6,2025-05-31,Dubbo,14,516,16.25,XM5,4,"3,4,4,4,4",$3.70,29.7,"1. Greener Pastures
2. Lumeah Rocket
3. Soul Optic"
Irinka Mandy,4/8,2025-05-17,Dubbo,7,516,8.25,XM5,2,"3,4,4",$14.00,29.8,"1. Greener Pastures
2. Zipping Chetty
3. Evander Keeping"
Irinka Mandy,2/6,2025-05-10,Dubbo,28,516,2.5,XM5,2,"3,5,4,4,2",$8.50,30.2,"1. El Rey
3. Evander Keeping"
Irinka Mandy,2/7,2025-04-12,Dubbo,28,516,1.5,XM5,6,"7,5,5,4,2",$9.00,30.5,"1. Punch On Ali
3. Evander Keeping"
Irinka Mandy,4/6,2025-03-15,Dubbo,6,516,15.25,XM5,2,"5,6,6,6,4",$10.00,29.9,"1. Packham Power
2. Kia Keeping
3. Fire Song"
Irinka Mandy,3/8,2025-03-09,Temora,11,457,2.75,M,1,N/A,$4.75,26.2,"1. Gold Revolver
2. My Irish Donn"
Irinka Mandy,3/7,2025-02-26,Temora,7,457,6.5,M,1,N/A,$2.80,26.2,"1. Irinka Harriet
2. Forest Prince"
Irinka Mandy,2/6,2025-02-19,Temora,N/A,457,2,M,1,N/A,$3.10,26.6,"1. Irinka Ted
3. Irinka Alex"
Count Joker,3/8,2025-08-20,Temora,7,330,1.25,M,1,N/A,$23.00,19.2,"1. Fire Up Ellwood
2. Itchy Knee Sung"
Count Joker,5/8,2025-08-13,Temora,30,330,10,M,1,N/A,$21.00,18.8,"1. Ratbag Load
2. Fire Up Ellwood
3. Let's Go Ari"
Count Joker,5/7,2025-07-14,Wagga Wagga,77,320,7,MH,2,N/A,$26.00,18.6,"1. Slick Tease
2. Dana Magic
3. Rupertus"
Count Joker,8/8,2025-04-28,Wagga Wagga,97,320,15,MH,3,N/A,$26.00,18.8,"1. Zipping Odessa
2. Flaming Tikki
3. Destini Sable"
Count Joker,6/6,2025-01-21,Temora,41,330,11.5,M,4,N/A,$17.00,19,"1. Dana Jay
2. My Irish Donn
3. Black Granite"
Count Joker,6/8,2024-12-11,Temora,19,330,8.25,M,4,N/A,$0.00,19.2,"1. Tango Anna
2. Dark Panther
3. Rhi's Girl"
Count Joker,6/8,2024-11-22,Wagga Wagga,9,320,20.25,M,5,N/A,$0.00,18.1,"1. Got A Lesson
2. Satriani
3. Reine Izmir"
Count Joker,8/8,2024-11-13,Temora,26,330,10.25,M,1,N/A,$34.00,19.2,"1. Contiki Time
2. Robin's Chance
3. Manila Shelby"
Count Joker,6/6,2024-10-18,Wagga Wagga,23,400,17.75,M,1,N/A,$16.00,23.2,"1. Ego
2. Big Mizzi
3. Silvertree Shank"
Count Joker,8/8,2024-09-25,Temora,126,330,12.25,M,5,N/A,$34.00,19,"1. Dana Mac
2. Mason Kai
3. Bianca's Secret"
Count Joker,6/8,2024-05-22,Temora,21,330,15.5,M,1,N/A,$16.00,18.8,"1. Impress Spieth
2. Maximus Will
3. Dana Toot"
Count Joker,5/7,2024-05-01,Temora,N/A,330,16,M,6,N/A,$7.50,19.2,"1. Captain Demi
2. Manila Shelby
3. Our Country Boy"
Reefton Mischief,8/8,2025-08-20,Temora,7,330,18,M,2,N/A,$91.00,18.7,"1. Silent Minute
2. Smokin' Wal
3. House Money"
Reefton Mischief,8/8,2025-08-13,Temora,7,330,13.25,M,6,N/A,$101.00,18.8,"1. Ratbag Load
2. Fire Up Ellwood
3. Let's Go Ari"
Reefton Mischief,7/8,2025-08-06,Temora,7,330,10,M,4,N/A,$126.00,19.1,"1. Swanky Lemon
2. Lone Dazzler
3. Let's Go Ari"
Reefton Mischief,8/8,2025-07-30,Temora,28,330,16.75,M,3,N/A,$126.00,18.8,"1. Irinka Fred
2. Itchy Knee Sung
3. Swanky Lemon"
Reefton Mischief,8/8,2025-07-02,Temora,49,330,11.25,M,7,N/A,$81.00,19.5,"1. Move Over Joe
2. Lone Sizzler
3. Silent Minute"
Reefton Mischief,7/8,2025-05-14,Temora,56,330,16,M,1,N/A,$41.00,18.9,"1. Indentations
2. Ding's Sandy
3. Nugget Ned"
Reefton Mischief,7/7,2025-03-19,Temora,91,330,14.25,M,7,N/A,$23.00,19,"1. Aston Prize
2. More Rage
3. Lumeah Rocket"
Reefton Mischief,8/8,2024-12-18,Temora,N/A,330,15.75,M,5,N/A,$23.00,19.1,"1. Hekawi
2. Kim Laurice
3. Dark Panther"
Space King,7/8,2025-08-20,Bendigo,6,425,7.17,T3-M,5,"5,5,4",$10.00,24.8,"1. Belly Rubs
2. Gunai Maverick
3. Scott Scotch"
Space King,2/8,2025-08-14,Shepparton,14,390,3.87,M,5,"2,2",$5.50,23,"1. Market Rose
3. Cranky Joe"
Space King,5/7,2025-07-31,Shepparton,8,390,9.86,M,8,"4,5",$5.00,22.8,"1. Chatter Beast
2. Naughty Marlo
3. Little Splinter"
Space King,4/7,2025-07-23,Bendigo,7,425,9.56,M,7,"4,4,4",$34.00,24.3,"1. Larry Who
2. Bayini
3. Beast Ablaze"
Space King,8/8,2025-07-16,Bendigo,6,425,14.36,T3-M,8,"5,7,8",$6.00,24.3,"1. Angelani
2. Atomic Diva
3. Go Fish"
Space King,4/8,2025-07-10,Shepparton,14,390,2.64,T3-M,7,"2,2",$7.00,22.9,"1. Kid
2. Kraken Bing
3. Present Gift"
Space King,4/8,2025-06-26,Shepparton,7,390,8.3,M,4,"4,4",$9.00,22.3,"1. Powder Dry
2. Green Shoots
3. Kraken Bing"
Space King,4/8,2025-06-19,Shepparton,7,390,8.29,MAIDEN,3,N/A,$9.00,N/A,"1. Huntly Miss
2. Moon Walk
3. Racey Stacey"
Space King,3/8,2025-06-12,Shepparton,8,390,4.61,M,1,"4,3",$3.50,22.8,"1. So Angelic
2. Kid"
Space King,2/8,2025-06-04,Bendigo,7,425,3.34,M,2,"3,2,2",$8.50,24.7,"1. Aston Surprise
3. House Money"
Space King,7/8,2025-05-28,Bendigo,13,425,15.21,T3-M,5,"6,6,6",$18.00,24.2,"1. Simply Ned
2. Brodie's Shadow
3. Whistling By"
Space King,4/7,2025-05-15,Shepparton,10,390,3.79,T3-M,3,"4,2",$11.00,22.5,"1. Aston Crema
2. Scotch Marra
3. Hit The Button"
Space King,2/8,2025-05-05,Shepparton,24,390,5.27,M,6,"6,2",$61.00,22.6,"1. It's Late
3. Sunny Stride"
Space King,5/7,2025-04-11,Horsham,N/A,410,9.06,M,7,"5,4",$12.00,23.6,"1. Hi Good Thanks
2. Diamantina Pearl
3. Warden Ozzie"
No Brakes,8/8,2025-08-20,Bendigo,4,425,15.44,T3-M,6,"5,8,8",$10.00,24.4,"1. Whodat Hooked
2. Two Truths
3. Hesket Hornet"
No Brakes,3/8,2025-08-16,Bendigo,9,425,3.3,M,3,"4,4,4",$18.00,24.7,"1. Energiser Dash
2. Where's Wyche"
No Brakes,6/7,2025-08-07,Shepparton,7,390,9.1,TIER 3 - MAIDEN,5,N/A,$21.00,N/A,"1. Spare A Dime
2. Naughty Marlo
3. Having A Look"
No Brakes,2/7,2025-07-31,Shepparton,8,390,6,M,1,"2,2",$7.50,22.8,"1. Little Marra
3. Ritzy Ruth"
No Brakes,8/8,2025-07-23,Temora,N/A,330,14.5,M,1,N/A,$6.50,19,"1. Flashback Jim
2. Leg It Lucy
3. Lumeah Tommy"
Autumn Angel,4/7,2025-08-13,Bendigo,7,425,7.64,TIER 3 - MAIDEN,8,N/A,$14.00,N/A,"1. Reckless Crime
2. Moraine Alfie
3. Scott Scotch"
Autumn Angel,7/8,2025-08-06,Bendigo,7,425,16.17,M,5,"7,7,7",$17.00,24.6,"1. Ralph Wiggum
2. Reckless Crime
3. Arlo's Pet"
Autumn Angel,4/6,2025-07-30,Bendigo,7,425,4.21,T3-M,7,"5,4,4",$6.50,24.4,"1. Wall House
2. Thermal Ignition
3. Murray River"
Autumn Angel,3/8,2025-07-23,Bendigo,7,425,4.96,M,8,"6,4,3",$23.00,24.6,"1. Magic Loki
2. Pitman Go Fast"
Autumn Angel,5/8,2025-07-16,Bendigo,112,425,11.03,T3-M,3,"3,5,5",$20.00,24.3,"1. Kraken Tommy
2. Ask Nicely
3. Pitman Go Well"
Autumn Angel,3/8,2025-03-26,Bendigo,7,425,2.04,M,3,"3,3,3",$23.00,24.6,"1. Gumtree Hill
2. Articulate"
Autumn Angel,8/8,2025-03-19,Bendigo,4,425,16,T3-M,1,"6,8,8",$26.00,24.2,"1. Montana Icon
2. Aston Finniss
3. Patriot Millard"
Autumn Angel,4/7,2025-03-15,Bendigo,11,425,4.94,M,6,"3,4,4",$41.00,24.3,"1. Jayden
2. Good Neighbour
3. Powder Dry"
Autumn Angel,5/7,2025-03-04,Geelong,6,400,15.39,M,3,2,$11.00,22.9,"1. Gunai Nugget
2. How Delightful
3. Nevermind"
Autumn Angel,3/7,2025-02-26,Bendigo,5,425,7.4,M,8,"3,3,3",$17.00,24.4,"1. Aston Belgian
2. Aston Surprise"
Autumn Angel,2/7,2025-02-21,Bendigo,11,425,0.79,M,4,"3,3,3",$4.80,24.7,"1. Alcatraz Birdman
3. Gumtree Hill"
Autumn Angel,3/5,2025-02-10,Ballarat,5,390,3.04,T3-M,5,"5,3",$3.80,22.6,"1. Elphias Doge
2. Aston Tempest"
Autumn Angel,2/6,2025-02-05,Bendigo,14,425,0.57,M,4,"2,2,2",$6.50,24.4,"1. Jackpot Cash
3. Bogan Bend"
Autumn Angel,4/7,2025-01-22,Bendigo,9,425,4.06,M,6,"6,7,6",$15.00,24.9,"1. Greysynd Will
2. Sandy Cheek
3. Whistling By"
Autumn Angel,4/8,2025-01-13,Ballarat,5,390,7.09,T3-M,6,"5,5",$31.00,22.7,"1. Mauritian Nitro
2. Super Sealant
3. Saleena Bale"
Autumn Angel,4/8,2025-01-08,Bendigo,9,425,10.91,T3-M,7,"4,5,5",$67.00,24.1,"1. Valletta Flash
2. Paw Uma
3. Texas Moon"
Autumn Angel,6/8,2024-12-30,Ballarat,6,390,7.57,T3-M,1,"6,6",$18.00,22.6,"1. Nanna Nap
2. Mauritian Lucas
3. Wizin Woodhouse"
Autumn Angel,4/8,2024-12-24,Ballarat,11,390,4.77,T3-M,8,"6,5",$61.00,22.5,"1. Noah Dear
2. Paw Valentina
3. Aston Action"
Autumn Angel,7/7,2024-12-13,Horsham,2,410,26.36,M,6,"5,6",$0.00,23.3,"1. Fleetwood Odin
2. Hi Good Thanks
3. Candy Stride"
Autumn Angel,5/8,2024-12-11,Bendigo,N/A,425,7.31,T3-M,4,"2,5,5",$0.00,24.9,"1. Highland Jill
2. Sundowner
3. Thermal Spark"
Greysynd Cruiser,3/8,2025-08-21,Warragul,3,460,4.89,M,4,"5,5,4",$61.00,26.6,"1. Eyewitness
2. Darnum Rocket"
Greysynd Cruiser,8/8,2025-08-18,Ballarat,7,390,13.37,TIER 3 - MAIDEN,4,N/A,$61.00,N/A,"1. Wow His Norm
2. Hope In Hardship
3. Keijon Barny"
Greysynd Cruiser,5/8,2025-08-11,Ballarat,98,390,7.73,T3-M,2,"3,7",$81.00,22.7,"1. Doongalla Gem
2. Let It Linger
3. Key Aconite"
Greysynd Cruiser,7/7,2025-05-05,Ballarat,5,450,14.11,T3-M,2,"7,7,5",$34.00,26,"1. Bust Up
2. Yorkshire Girl
3. Lady Rosalyn"
Greysynd Cruiser,7/8,2025-04-30,Bendigo,9,425,2.46,M,2,"5,7,5",$16.00,25,"1. Texas Moon
2. Nana's Rebel
3. Cheer Squad"
Greysynd Cruiser,5/8,2025-04-21,Geelong,4,460,14.51,M,4,"6,6,5",$34.00,26.6,"1. Warden Ozzie
2. Blue Arrow
3. Sleek Machine"
Greysynd Cruiser,6/8,2025-04-17,Bendigo,8,425,9.81,T3-M,2,"7,7,5",$34.00,24.5,"1. Magic Scotch
2. Twilight Rusty
3. Shining Megg"
Greysynd Cruiser,6/6,2025-04-09,Bendigo,7,500,18.19,T3-M,6,"6,6,6",$91.00,28.4,"1. Hollywood Icon
2. Miss Maisie
3. Angelani"
Greysynd Cruiser,5/8,2025-04-02,Bendigo,7,425,9.66,M,8,"8,5,5",$22.00,24.8,"1. Cousin Johnny
2. Another Beverage
3. Cecelia Bloom"
Greysynd Cruiser,6/8,2025-03-26,Bendigo,N/A,500,20.67,M,1,"4,5,6",$15.00,28.5,"1. Aeroplane Ruby
2. Miss Maisie
3. Rebel Sal"
Dodging Shadows,4/7,2025-08-05,Geelong,6,400,15.23,M,6,"5,6",$41.00,22.3,"1. Archie Rolls
2. Lahi James
3. Be Like Wayne"
Dodging Shadows,3/8,2025-07-30,Sale,12,435,8.36,M,6,"8,3,3",$9.50,25,"1. Dr. Hopper
2. Monty's Return"
Dodging Shadows,5/7,2025-07-18,Warragul,8,400,9.76,M,3,"5,6",$13.00,22.8,"1. Sunnyside Jerry
2. Dr. Fallon"
Dodging Shadows,4/8,2025-07-10,Warragul,11,400,3.16,T3-M,3,"5,3",$23.00,23.4,"1. Mia Sienna
2. Rumour I'm Broke
3. Darnum Train"
Dodging Shadows,7/7,2025-06-29,Bendigo,5,425,12.21,M,6,"7,7,7",$51.00,24.4,"1. Salty Snoop
2. West On Beattie
3. Aston Haruto"
Dodging Shadows,7/8,2025-06-24,Warragul,4,400,20.27,M,2,"8,7",$51.00,23.3,"1. Radiate
2. Thunder Rose
3. Carry On Olive"
Dodging Shadows,4/7,2025-06-20,Warragul,N/A,400,8.83,M,2,"7,5",$7.50,23,"1. Aston Chant
2. Select Faith
3. Radiate"
Dance Lady Dance,5/8,2025-08-23,Ballarat,5,390,9.01,M,6,"7,6",$20.00,22.3,"1. Aston Boost
2. Night Sharid
3. Toowoomba Willy"
Dance Lady Dance,2/8,2025-08-18,Ballarat,7,450,3.54,TIER 3 - MAIDEN,2,N/A,$3.90,N/A,"1. Aston Transcend
3. Lady Rosalyn"
Dance Lady Dance,3/7,2025-08-11,Ballarat,5,450,4.21,T3-M,8,"1,2,3",$20.00,25.8,"1. Furious Whisper
2. Hindle Express"
Dance Lady Dance,4/8,2025-08-06,Bendigo,6,425,8.77,M,2,"3,3,4",$9.00,24.6,"1. Ralph Wiggum
2. Reckless Crime
3. Arlo's Pet"
Dance Lady Dance,7/8,2025-07-31,Shepparton,8,450,12.06,M,4,"6,5,7",$11.00,25.7,"1. Go Fish
2. Don't Tell Danni
3. Scott Scotch"
Dance Lady Dance,6/8,2025-07-23,Bendigo,N/A,425,7.87,M,5,"5,3,5",$4.80,24.6,"1. Atomic Diva
2. Wall House
3. Ralph Wiggum"
Texas Cowgirl,6/7,2025-08-18,Shepparton,4,390,13.31,M,3,"7,6",$71.00,22.3,"1. Got A Rustler
2. She Likes Beer
3. Rattler"
Texas Cowgirl,8/8,2025-08-14,Shepparton,7,390,16.57,M,2,"7,8",$8.00,23,"1. Market Rose
2. Space King
3. Cranky Joe"
Texas Cowgirl,5/8,2025-08-07,Shepparton,7,390,4.93,TIER 3 - MAIDEN,4,N/A,$26.00,N/A,"1. Thai Tiger
2. Present Gift
3. Two Truths"
Texas Cowgirl,4/7,2025-07-31,Shepparton,10,390,1.69,M,1,"7,6",$11.00,23,"1. Winter Runnings
2. Crash Rebel
3. Having A Look"
Texas Cowgirl,7/8,2025-07-21,Shepparton,7,390,9.64,M,6,"8,7",$31.00,22.4,"1. Spanish Armada
2. Hunterview Jack
3. Spare A Dime"
Texas Cowgirl,5/7,2025-07-14,Shepparton,N/A,390,11.97,M,1,"7,5",$6.50,22.4,"1. Royal Rupee
2. Little Bella
3. Kraken Nutter"
Sir Trenton,7/7,2025-08-19,Horsham,10,410,10.25,M,8,"5,7",$51.00,23.5,"1. Song About Susan
2. Goblin
3. Dynamite Betty"
Sir Trenton,4/7,2025-08-09,Geelong,N/A,400,0.8,M,7,"4,4",$15.00,23.2,"1. Maisey Mary
2. It's Soysages
3. Aussie Raven"
Jungle Miss,4/7,2025-08-24,Grafton,7,350,4.25,XM5,3,"5,6,6",$12.00,20.5,"1. Pitch Black Bear
2. Round The Ridges
3. Send A Text"
Jungle Miss,6/6,2025-08-17,Grafton,4,450,17.25,5,5,"6,6,6",$81.00,25.2,"1. Holly's Bear
2. Fiery Piastri
3. Speed Holes"
Jungle Miss,7/8,2025-08-13,Gunnedah,14,431,8.75,5,2,"2,5,7",$9.00,25,"1. Genuine Article
2. Kiarni Bad Girl
3. Buster Miller"
Jungle Miss,7/8,2025-07-30,Gunnedah,21,340,9,5,5,"8,7,7",$6.00,19.9,"1. Target Time
2. Quick Edition
3. Genuine Article"
Jungle Miss,6/8,2025-07-09,Gunnedah,7,340,8.25,5,3,"8,7,6",$12.00,19.8,"1. Minty Dancer
2. Major Conflict
3. Very Best Buddy"
Jungle Miss,1/8,2025-07-02,Gunnedah,9,340,-1.25,M,1,"3,2,1",$1.40,19.9,"2. Greysynd Gina
3. Quirky Nacho"
Jungle Miss,2/7,2025-06-23,Gunnedah,15,340,0.13,M,6,"6,5,2",$2.90,19.9,"1. Special Bullet
3. Jungle Ticket"
Jungle Miss,5/8,2025-06-08,Gunnedah,11,431,6.25,XM5,2,"2,5,5",$8.50,25.1,"1. Motor City Chief
2. Merry Merriwa
3. Roto Road"
Jungle Miss,2/8,2025-05-28,Gunnedah,98,340,0.75,MH,5,"4,3,2",$4.50,20,"1. Major Conflict
3. Lumeah Matilda"
Jungle Miss,2/5,2025-02-19,Gunnedah,14,431,5.75,M,6,"2,2,2",$5.00,25.1,"1. Genuine Article
3. Leaving Now"
Jungle Miss,3/7,2025-02-05,Gunnedah,9,340,4,M,5,"2,2,3",$8.00,19.9,"1. Bye Bye Pat
2. Get Up Tiger"
Jungle Miss,2/8,2025-01-27,Gunnedah,17,340,1,M,7,"3,4,2",$18.00,19.9,"1. Bear Man
3. Ava's Milo"
Jungle Miss,8/8,2025-01-10,Ipswich,30,431,23.5,M,3,8,$21.00,25.3,"1. Ringbark Larry
2. Maywyn Nash
3. Cardiff Rose"
Jungle Miss,8/8,2024-12-11,Gunnedah,16,431,14,M,8,"3,8,8",$0.00,25.7,"1. Bardwell
2. Di's An Angel
3. Molly Keeping"
Jungle Miss,6/7,2024-11-25,Gunnedah,N/A,340,18.75,M,3,"5,6,6",$0.00,19.7,"1. Two Odd Socks
2. Warren
3. Bear Man"
Snooping,2/8,2025-08-20,Gunnedah,7,527,5.25,5,4,"4,3,2",$10.00,30.6,"1. Heidi Keeping
3. Barely Light"
Snooping,5/8,2025-08-13,Gunnedah,14,431,9.75,5,8,"7,5,5",$7.00,24.8,"1. Bandit Bugsy
2. Motor City Hawk
3. Danny Whizz Bang"
Snooping,3/8,2025-07-30,Gunnedah,7,431,5.25,5,8,"6,4,3",$16.00,24.8,"1. Bandit Bugsy
2. Volare Alto"
Snooping,1/8,2025-07-23,Gunnedah,7,431,-2.75,5,3,"4,3,1",$8.50,25,"2. Major Conflict
3. Anytime Romeo"
Snooping,7/8,2025-07-16,Gunnedah,7,431,12.25,5,3,"7,7,7",$3.75,25,"1. Robbie's Power
2. Very Best Buddy
3. Major Conflict"
Snooping,2/8,2025-07-09,Gunnedah,7,431,0.5,5,2,"7,7,2",$11.00,25.1,"1. Westside Bliss
3. Cash The Lot"
Snooping,2/7,2025-07-02,Gunnedah,9,431,11.5,5,2,"3,4,2",$8.00,24.6,"1. Molly Miss
3. Wreck It Rex"
Snooping,2/7,2025-06-23,Gunnedah,7,431,1.75,XM5,2,"3,3,2",$3.30,25.1,"1. Bernie Nismo
3. Ain't She Grand"
Snooping,6/6,2025-06-16,Maitland,7,450,8,5,2,"6,6,6",$4.00,25.6,"1. Not Clifford
2. Minuteman Two
3. Motor City Tig"
Snooping,4/6,2025-06-09,Maitland,7,450,10.5,5,5,"4,5,3",$29.00,25.2,"1. Rise Up Nismo
2. Panda Unleashed
3. Go Forward Jacki"
Snooping,6/8,2025-06-02,Maitland,5,450,13.5,5,3,"6,6,6",$41.00,25,"1. Rise Up Nismo
2. Missy Muck
3. Super Unreal"
Snooping,3/8,2025-05-28,Gunnedah,7,431,3.5,5H,4,"7,6,3",$61.00,25.2,"1. Shorty
2. Mortar"
Snooping,1/8,2025-05-21,Gunnedah,14,340,-0.13,5,2,"4,4,1",$18.00,20.1,"2. Salamat
3. Two Odd Socks"
Snooping,7/8,2025-05-07,Gunnedah,2,431,7,5,5,"7,8,7",$19.00,25.2,"1. Stilton Evie
2. Genuine Article
3. Tralee Luna"
Snooping,5/8,2025-05-05,Gunnedah,5,340,10,5,1,"8,7,5",$2.80,19.9,"1. Secret Sumatra
2. Bingo And Bluey
3. Abel's Dusty"
Snooping,4/8,2025-04-30,Gunnedah,14,340,2,5,2,"8,5,4",$3.90,20,"1. Slick Olive
2. Franky Scooter
3. Bago Sweetie"
Snooping,7/8,2025-04-16,Gunnedah,7,431,13.75,5,4,"8,8,7",$8.00,25.2,"1. Greysynd Fever
2. Impress Spieth
3. Greener Pastures"
Snooping,1/7,2025-04-09,Gunnedah,14,431,-8.25,M,1,"2,1,1",$2.88,24.9,"2. Together Forever
3. Cinnamon Swirl"
Snooping,3/7,2025-03-26,Gunnedah,21,431,4.25,M,2,"2,3,3",$4.80,25.3,"1. Stilton Evie
2. Together Forever"
Snooping,7/8,2025-03-05,Gunnedah,N/A,340,13.25,M,3,"6,7,7",$16.00,20.2,"1. Leaving Now
2. Tralee Aimee
3. Indi's Girl"
Motor City Tig,6/8,2025-08-20,Gunnedah,4,527,11,5,8,"7,5,6",$31.00,30.6,"1. Heidi Keeping
2. Snooping
3. Barely Light"
Motor City Tig,3/8,2025-08-16,The Gardens,3,515,4.75,5,2,"5,7,4",$34.00,29.9,"1. Zipping Viper
2. Kipyegon"
Motor City Tig,5/6,2025-08-13,Gunnedah,4,527,3.5,5,4,"5,4,5",$18.00,31.1,"1. Melting Moments
2. Lumeah Poppy
3. Daniel Keeping"
Motor City Tig,5/7,2025-08-09,The Gardens,7,515,7.75,5,1,"3,6,5",$29.00,30.1,"1. I'm Alright
2. Zipping Viper
3. Bago Sweetie"
Motor City Tig,3/4,2025-08-02,Dubbo,17,516,8,XM5,8,"4,4,4,3,3",$10.00,29.9,"1. Stiff Luck
2. Lumeah Rocket"
Motor City Tig,7/8,2025-07-16,Gunnedah,4,527,17.25,5,7,"4,6,7",$10.00,30.3,"1. Stilton Evie
2. Lagnicourt
3. Soul Optic"
Motor City Tig,3/6,2025-07-12,Dubbo,7,516,3.5,XM5,4,"4,3,3,3,3",$6.00,30,"1. Goanna Blue
2. Merry Merriwa"
Motor City Tig,5/7,2025-07-05,The Gardens,3,515,5.25,5,7,"3,5,5",$31.00,30,"1. Panda Unleashed
2. Alfie's Princess
3. Kipyegon"
Motor City Tig,4/7,2025-07-02,Gunnedah,9,431,14,5,3,"1,2,4",$31.00,24.6,"1. Molly Miss
2. Snooping
3. Wreck It Rex"
Motor City Tig,4/6,2025-06-23,Gunnedah,3,431,2.5,XM5,7,"6,6,4",$13.00,25.3,"1. Impress Ubud
2. Zipping Frida
3. Sylvia's Secret"
Motor City Tig,3/8,2025-06-20,The Gardens,4,515,6.5,5,6,"8,8,5",$126.00,29.9,"1. Smooth White
2. Alfie's Princess"
Motor City Tig,3/6,2025-06-16,Maitland,5,450,3.25,5,3,"1,3,3",$41.00,25.6,"1. Not Clifford
2. Minuteman Two"
Motor City Tig,5/7,2025-06-11,Gunnedah,10,431,6.25,5,3,"5,6,5",$81.00,25.2,"1. Motor City Hawk
2. Imperial Audrey
3. Ava's Milo"
Motor City Tig,5/5,2025-06-01,Gunnedah,6,527,8.75,XM5,8,"4,5,5",$31.00,31.1,"1. Hectic Blue
2. Paw Kinsley
3. Heidi Keeping"
Motor City Tig,6/7,2025-05-26,Dubbo,5,400,11,5,6,"5,7,6",$61.00,23.2,"1. Sudden Flash
2. Slippery Bogan
3. Kelly Chana"
Motor City Tig,6/7,2025-05-21,Gunnedah,9,527,7.75,5,2,"7,4,6",$41.00,31.1,"1. Fantastic Dave
2. Sammy's Beach
3. Merry Merriwa"
Motor City Tig,8/8,2025-05-12,Maitland,14,450,19.5,5,8,"7,7,8",$61.00,24.9,"1. Lochinvar Nugget
2. Rise Up Nismo
3. Handbrake's Off"
Motor City Tig,6/6,2025-04-28,Dubbo,23,516,22.75,XM5,5,"5,4,4,4,6",$126.00,30,"1. Evander Keeping
2. Spring Dazzler
3. Lumeah Nancy"
Motor City Tig,4/7,2025-04-05,Tamworth,8,457,6.25,X45H,3,N/A,$0.00,26.5,"1. Kingsbrae Westly
2. Jungle Tiger
3. Big Junior"
Motor City Tig,7/7,2025-03-28,The Gardens,N/A,515,11,5,1,"2,5,7",$81.00,29.8,"1. Raging Saige
2. Tarawi Licorice
3. Ritza Benji"
Zipping Frida,6/6,2025-08-13,Gunnedah,21,527,5,5,8,"6,6,6",$8.50,31.1,"1. Melting Moments
2. Lumeah Poppy
3. Daniel Keeping"
Zipping Frida,5/8,2025-07-23,Gunnedah,14,431,12.25,5,5,"4,4,5",$5.50,25,"1. Motor City Hawk
2. Very Best Buddy
3. Small Town Jet"
Zipping Frida,8/8,2025-07-09,Gunnedah,7,340,7.75,5,7,"4,7,7",$5.50,19.7,"1. Bago Sweetie
2. Bear Man
3. Federal Lotus"
Zipping Frida,4/8,2025-07-02,Gunnedah,9,431,6,5,5,"8,7,5",$6.00,25.3,"1. Reggie Rangoon
2. Rutland Jack
3. Hectic Blue"
Zipping Frida,2/6,2025-06-23,Gunnedah,31,431,1,XM5,4,"3,3,2",$3.00,25.3,"1. Impress Ubud
3. Sylvia's Secret"
Zipping Frida,4/8,2025-05-23,Richmond,6,622,11.75,XM5,5,"3,2,2",$3.00,35.7,"1. Lightning Hunter
2. Zipping Schultz
3. Bound's Missile"
Zipping Frida,7/8,2025-05-17,Wentworth Park,7,520,8,5,2,"5,5,6",$4.20,30,"1. Maggie's Ethics
2. Suribachi
3. Tomorrow Wendy"
Zipping Frida,3/8,2025-05-10,Wentworth Park,10,520,1,5,6,"6,6,3",$13.00,30.4,"1. Premier Status
2. Cumbria George"
Zipping Frida,6/8,2025-04-30,Richmond,9,520,10,5,2,"7,8,8,7",$2.80,29.6,"1. Zipping Nala
2. Right Said Ed
3. Recluse"
Zipping Frida,3/8,2025-04-21,Richmond,5,401,5.25,5,8,"7,6,5",$1.91,23,"1. Hudson
2. Fabulous Hudson"
Zipping Frida,1/8,2025-04-16,Richmond,3,520,-2.5,XM5,2,"5,4,1,1",$2.10,30,"2. Zipping Una
3. South Stand Envy"
Zipping Frida,3/8,2025-04-13,Richmond,11,401,10.25,5,4,"7,7,5",$4.20,22.3,"1. Rev It Suzie
2. Surroundings"
Zipping Frida,2/8,2025-04-02,Richmond,3,401,1,5,2,"6,4,4",$5.00,22.8,"1. Zipping Zodiac
3. Infamous Statham"
Zipping Frida,3/8,2025-03-30,Richmond,9,401,7.5,5,5,"4,5,5",$1.91,22.8,"1. Ghost Of Time
2. Big Bernie"
Zipping Frida,2/8,2025-03-21,Richmond,7,401,9.5,5,5,"3,3,2",$4.40,22.3,"1. Zipping Grinch
3. Montana Banner"
Zipping Frida,1/6,2025-03-14,Richmond,7,401,-1.25,M,5,"3,2,2",$1.45,22.8,"2. Energy Wave
3. Hello How Low"
Zipping Frida,3/7,2025-03-07,Richmond,7,401,6.75,M,8,"6,3,3",$1.30,22.7,"1. Unleash Jodi
2. Double Two"
Zipping Frida,2/6,2025-02-28,Richmond,5,401,2,M,8,"4,2,2",$2.35,22.7,"1. Unleash Shirley
3. Trunkey Frank"
Zipping Frida,2/7,2025-02-23,Richmond,N/A,401,3,M,1,"3,2,2",$2.70,22.6,"1. Zipping Hilda
3. Go Forward Spot"
Time To Crank,1/8,2025-08-20,Gunnedah,21,431,-3.5,5,5,"3,2,1",$81.00,25.2,"2. Lumeah Ziggy
3. Ghost Of Time"
Time To Crank,7/8,2025-07-30,Gunnedah,9,340,14.25,5,4,"7,8,7",$16.00,19.7,"1. Bold Jet
2. Muggle
3. Kiando Florence"
Time To Crank,2/8,2025-07-21,Gunnedah,103,340,0.75,5,2,"6,5,2",$2.50,20,"1. Whiskey Red
3. One Number Away"
Time To Crank,7/7,2025-04-09,Gunnedah,35,340,5.75,5,6,"7,7,7",$2.40,20.1,"1. Drink Rose
2. Federal Lotus
3. Spot On Fernando"
Time To Crank,5/8,2025-03-05,Gunnedah,7,340,11.75,5,6,"7,7,5",$4.50,19.7,"1. Get Up Tiger
2. Dam Panama
3. Bear Man"
Time To Crank,5/8,2025-02-26,Gunnedah,7,431,2.5,5,5,"4,5,5",$5.50,25.3,"1. Settle
2. Daniel Keeping
3. Genuine Article"
Time To Crank,4/6,2025-02-19,Gunnedah,7,431,2.25,5,7,"5,5,4",$12.00,25.2,"1. Mrs. Jacobs
2. Bomb Marvin
3. Mazy Girl"
Time To Crank,5/8,2025-02-12,Gunnedah,21,340,6.25,5,6,"5,6,5",$8.00,20,"1. Bear Man
2. Settle
3. Bye Bye Pat"
Time To Crank,5/8,2025-01-22,Gunnedah,14,431,13.25,5,8,"7,3,5",$17.00,24.9,"1. Cash Run
2. Drink Mickeys
3. Peyton's Wish"
Time To Crank,6/8,2025-01-08,Gunnedah,7,340,11.5,5,1,"7,6,6",$1.80,19.8,"1. Robbie's Power
2. Denawen Beach
3. Prince Vinnie"
Time To Crank,1/8,2025-01-01,Gunnedah,9,340,-1.75,M,1,"2,1,1",$2.45,19.7,"2. Imperial Chop
3. Flying Damiro"
Time To Crank,4/8,2024-12-23,Gunnedah,26,340,2.5,M,6,"5,5,4",$3.75,20.1,"1. Di's An Angel
2. Kiando Florence
3. Hip Drop"
Time To Crank,5/8,2024-11-27,Gunnedah,293,340,17.25,M,7,"8,6,5",$0.00,19.8,"1. Megara
2. Bingo And Bluey
3. Wolf Rock"
Time To Crank,7/7,2024-02-08,Gunnedah,63,340,20.25,M,7,"5,3,7",$3.00,20.1,"1. Buddy Mac
2. Blistered Fossil
3. Best Nan"
Time To Crank,3/8,2023-12-07,Gunnedah,15,340,9.25,M,6,"3,2,3",$3.20,19.6,"1. Milly Chana
2. Dixie's Girl"
Time To Crank,5/8,2023-11-22,The Gardens,6,400,8.25,M,8,"3,4",$10.00,23,"1. Ted Robbo
2. Oscar Tommy
3. Tiny Tayla"
Time To Crank,7/8,2023-11-16,Gunnedah,N/A,340,10,M,4,"8,8,7",$6.00,19.8,"1. Simply Black
2. Lumeah Max
3. Set To Dare"
Wreck It Rex,3/8,2025-08-22,The Gardens,7,400,2.5,5,7,"8,4",$3.00,23,"1. Good Odds Keona
2. Jet Fuel"
Wreck It Rex,2/8,2025-08-15,The Gardens,4,400,0.5,5,8,"6,3",$6.50,22.7,"1. She's Blissful
3. Tralee Luna"
Wreck It Rex,1/7,2025-08-11,Gunnedah,3,340,-4,5,7,"5,4,1",$1.85,20,"2. Hip Hop
3. Kiando Brooklyn"
Wreck It Rex,3/8,2025-08-08,The Gardens,9,400,1,5,4,"7,4",$11.00,23.2,"1. Housie Bob
2. Pitman Ringo"
Wreck It Rex,6/8,2025-07-30,Gunnedah,7,340,7.5,5,4,"6,6,6",$3.25,19.9,"1. Target Time
2. Quick Edition
3. Genuine Article"
Wreck It Rex,7/8,2025-07-23,Gunnedah,5,431,16.25,5,6,"6,6,7",$4.75,25,"1. Motor City Hawk
2. Very Best Buddy
3. Small Town Jet"
Wreck It Rex,4/8,2025-07-18,The Gardens,2,400,2.5,5,1,"1,5",$7.50,23.2,"1. Barsando
2. Starlight Duke
3. Good Odds Keona"
Wreck It Rex,6/7,2025-07-16,Gunnedah,7,340,13.5,5,6,"6,6,6",$4.75,19.9,"1. Fulfilment
2. Rhi's Girl
3. Tralee Luna"
Wreck It Rex,3/8,2025-07-09,Gunnedah,4,340,6,5,8,"1,1,3",$1.73,19.9,"1. Rhi's Girl
2. Still Watching"
Wreck It Rex,4/8,2025-07-05,The Gardens,3,400,6,5,3,"5,4",$3.60,22.9,"1. Slick Sand
2. Snacks
3. Hi Lo Rain"
Wreck It Rex,3/7,2025-07-02,Gunnedah,11,431,13.25,5,6,"4,5,3",$6.00,24.6,"1. Molly Miss
2. Snooping"
Wreck It Rex,6/8,2025-06-21,The Gardens,3,400,17.75,5,7,"1,1",$4.60,22.9,"1. Avocado Toast
2. Run Cliff Run
3. Bun Tornado"
Wreck It Rex,8/8,2025-06-18,Gunnedah,5,431,16,5,5,"5,8,8",$2.62,24.8,"1. Danny Whizz Bang
2. Robbie's Power
3. Imperial Audrey"
Wreck It Rex,1/8,2025-06-13,The Gardens,5,400,-3,5,6,"3,1",$3.10,23,"2. Housie Bob
3. Armatree Freddo"
Wreck It Rex,2/8,2025-06-08,Gunnedah,4,431,6.75,XM5,7,"4,2,2",$3.00,24.6,"1. Bandit Bugsy
3. Lily Bloom"
Wreck It Rex,1/8,2025-06-04,Gunnedah,7,340,-2.5,M,6,"2,1,1",$2.30,19.7,"2. Ada Taro
3. Faith In Nanny"
Wreck It Rex,4/8,2025-05-28,Gunnedah,N/A,340,5.25,MH,4,"3,4,4",$34.00,19.6,"1. Spring Mirage
2. Karli Mulwee
3. Peach Mac"
Truth Be Known,7/7,2025-08-21,Q Straight,7,350,9.25,MF,7,"6,7",$34.00,19,"1. She's All Fire
2. Not The Deputy
3. Tibetan Belle"
Truth Be Known,4/7,2025-08-14,Q Straight,17,350,2.5,M,8,"6,6",$7.50,19.4,"1. Walk Away Renee
2. Regal Saint
3. Austrian Rose"
Truth Be Known,3/8,2025-07-28,Q Straight,7,350,5,M,8,"5,5,2",$2.90,19.5,"1. Enigma Outlaw
2. Runaway Skittle"
Truth Be Known,3/8,2025-07-21,Q Straight,82,350,3.25,M,7,"5,5,3",$10.00,19.5,"1. Hey Marty
2. Perfect Pose"
Truth Be Known,6/8,2025-04-30,Albion Park,10,395,8,M,4,7,$5.00,23.2,"1. Idea's Man
2. Waikarie Bella
3. Non Stop Wizard"
Truth Be Known,4/8,2025-04-20,Q1 Lakeside,N/A,390,6.5,M,7,"7,5",$4.20,22.1,"1. Share The Dream
2. Midnight Dash
3. Missy Moo Moo"
Alone Time,6/8,2025-08-22,Q1 Lakeside,10,390,15.5,M,5,"7,5",$34.00,21.9,"1. Kalahari
2. Canya Launch
3. Zawadi"
Alone Time,6/7,2025-08-12,Q1 Lakeside,5,457,6.5,M,2,"5,4,4",$26.00,25.8,"1. Whoop That Trick
2. Love By Design
3. Spring Flick"
Alone Time,2/7,2025-08-07,Q Straight,29,350,3.5,M,3,"4,2",$26.00,19.4,"1. Princess Darcy
3. Austrian Rose"
Alone Time,6/7,2025-07-09,Rockhampton,13,407,10.5,M,2,5,$6.50,24.1,"1. Tusken Raider
2. Playing To Win
3. Tightrope Henry"
Alone Time,7/8,2025-06-26,Q Straight,275,350,4.5,M,4,"8,4",$11.00,19.6,"1. Don't Cry Mama
2. Stressful Art
3. Miss Momentum"
Alone Time,6/8,2024-09-24,Ipswich,60,431,24.75,M,4,6,$9.50,24.9,"1. Grevillea
2. Gold Dynamite
3. Sissy Maybelle"
Alone Time,4/7,2024-07-26,Ipswich,3,431,8,M,6,4,$11.00,25.5,"1. Amren
2. Get Maggie
3. Groovy Georgie"
Alone Time,4/8,2024-07-23,Ipswich,N/A,431,11,M,1,2,$15.00,25.4,"1. Nurse Christina
2. Nunniong
3. Runaway Bundy"
Butternut Queen,6/8,2025-07-09,Q1 Lakeside,7,352,8.75,MF,4,"3,4",$14.00,19.9,"1. Ellie Unleashed
2. Backyard Broad
3. Our Girl Franky"
Butternut Queen,4/8,2025-07-02,Q1 Lakeside,N/A,352,2.75,M,8,"4,2",$8.50,20.2,"1. Hot Momentum
2. Ellie Unleashed
3. Backyard Broad"
Supreme Comander,7/8,2025-08-03,Q Straight,N/A,300,7.25,M,2,3,$9.00,17,"1. Rhino's Dreaming
2. Federal War
3. Shy Hi"
Mickey Will,4/8,2025-08-20,Q1 Lakeside,7,352,9.25,MF,2,"5,5",$22.00,19.8,"1. Penny Calido
2. Immovable Force
3. Apex"
Mickey Will,3/7,2025-08-13,Q1 Lakeside,28,352,3.75,M,4,"5,3",$6.00,20,"1. Spring Toulon
2. Runaway Skittle"
Mickey Will,3/8,2025-07-16,Q1 Lakeside,N/A,352,7,M,3,"5,3",$11.00,19.7,"1. Swift Cannon
2. Champagne Fizz"
Dream Dash,4/8,2025-07-28,Q Straight,7,350,7,M,2,"1,2,4",$9.50,19.5,"1. Enigma Outlaw
2. Runaway Skittle
3. Truth Be Known"
Dream Dash,5/8,2025-07-21,Q Straight,N/A,350,2,M,1,"5,1,5",$4.60,20,"1. She's Dynamite
2. Joy Moo Moo
3. Shy Hi"
Goldstar Vogue,6/8,2025-07-23,Q1 Lakeside,27,352,8.75,M,5,"6,5",$7.50,20,"1. Mick's Belle
2. Loudon Clear
3. Six Gins"
Goldstar Vogue,4/8,2025-06-26,Q Straight,18,300,1.25,M,1,"4,4",$3.10,17,"1. No Stylist
2. Sassy Snow
3. Federal Joker"
Goldstar Vogue,5/8,2025-06-08,Q1 Lakeside,N/A,352,3.75,M,3,"7,5,5",$4.50,20.3,"1. Brindle Boy
2. Goldstar Alexis
3. Birds The Word"
Highway To Hell,8/8,2025-08-13,Ballarat,N/A,390,23.44,M,4,"6,8",$14.00,21.9,"1. Robinson
2. Oh Biscuit
3. Goblin"
Toowoomba Willy,3/8,2025-08-23,Ballarat,99,390,4.66,M,3,"5,3",$9.00,22.3,"1. Aston Boost
2. Night Sharid"
Toowoomba Willy,4/8,2025-05-16,Ballarat,4,450,11.77,M,6,"6,5,4",$5.50,25.6,"1. Aston Girl
2. Regal Spencer
3. Little Bella"
Toowoomba Willy,4/6,2025-05-12,Shepparton,47,450,3.31,M,2,"4,4,4",$16.00,25.5,"1. La Madonna Rico
2. Thai Tiger
3. Whodat Hooked"
Toowoomba Willy,7/8,2025-03-26,Ballarat,8,450,14.27,M,3,"7,8,7",$41.00,25.2,"1. Paw Funk
2. Paw Inflame
3. Always The Sun"
Toowoomba Willy,7/8,2025-03-18,Horsham,11,485,13.66,MF,4,"8,8,7",$67.00,27,"1. Room To Breathe
2. Irish Bill
3. Mepunga Donna"
Toowoomba Willy,3/7,2025-03-07,Horsham,N/A,485,8,MH,8,"7,7,5",$61.00,27.2,"1. Exaggerator
2. Irish Zoe"
Rita Skeeter,4/8,2025-08-19,Geelong,4,460,13.43,M,4,"7,6,4",$61.00,26,"1. Aston Russell
2. Ridiculous
3. Nighttime"
Rita Skeeter,7/8,2025-08-15,Geelong,6,400,11.97,MH,7,"6,7",$41.00,22.6,"1. Imitated
2. Hara Hachi Bu
3. Paw Cora"
Rita Skeeter,6/6,2025-08-09,Geelong,11,460,15,M,5,"4,4,5",$26.00,26.3,"1. Phineas Nigellus
2. Dark Arts"
Rita Skeeter,4/6,2025-07-29,Geelong,4,460,5.97,M,2,"6,5,3",$4.75,26.5,"1. Aussie Fernando
2. Divine Ratio
3. Pressure Down"
Rita Skeeter,8/8,2025-07-25,Geelong,7,460,18.47,M,3,"8,8,8",$18.00,25.9,"1. Sami Riot
2. Canya Ponga
3. Conquer"
Rita Skeeter,2/6,2025-07-18,Geelong,7,460,4.71,RW,2,"2,2,2",$51.00,26.2,"1. Par Excellence
3. Aussie Fernando"
Rita Skeeter,8/8,2025-07-11,Geelong,N/A,400,18.47,M,4,"7,7",$8.00,22.4,"1. Flying Intention
2. Flying Stratus
3. Green Shoots"
On Song Turner,6/8,2025-08-17,Healesville,N/A,300,7.63,M,4,7,$18.00,16.9,"1. Some Secret
2. Spirit Armor
3. Diplomat"
Ascend Fern,4/5,2025-08-20,The Meadows,35,525,5.73,MH,2,"2,4,4,4",$5.50,30.4,"1. Mepunga Express
2. Lady Tsunade
3. Black Raider"
Ascend Fern,6/8,2025-07-16,The Meadows,8,525,10.83,M,8,"5,4,4,5",$7.00,30.4,"1. I'm Kenny
2. Lady Ness
3. Ironic"
Ascend Fern,3/6,2025-07-08,Geelong,8,460,2.57,M,4,"2,2,2",$6.50,26,"1. Ascend Igloo
2. Ascend Geranium"
Ascend Fern,4/7,2025-06-30,Sandown Park,5,515,12.03,M,4,"7,5,4,4",$21.00,29.4,"1. Mepunga Sage
2. Aston Bugsy
3. Accessible"
Ascend Fern,3/7,2025-06-25,Ballarat,7,450,3.86,M,6,"4,4,3",$8.50,26.2,"1. Phoenix Violet
2. Urana Parallax"
Ascend Fern,4/8,2025-06-18,The Meadows,N/A,525,5.44,MH,4,"3,4,3,4",$11.00,30.9,"1. Ascend Hibiscus
2. Pax Bostonia
3. Duran Nirvana"
Greedy Butcher,2/6,2025-08-22,Geelong,7,460,4.41,M,1,"2,2,2",$6.00,26.4,"1. Weblec Snip
3. Mighty Multi"
Greedy Butcher,4/8,2025-08-15,Geelong,N/A,400,3.43,MH,5,"3,3",$10.00,23,"1. Dark Arts
2. Paw Zoltin
3. Aussie Raven"
Knockabout Kid,5/7,2025-08-20,The Meadows,7,525,8.33,MH,8,"1,5,5,5",$6.50,30.4,"1. He's Got Speed
2. Paddy's Chariot
3. Weblec Memphis"
Knockabout Kid,5/8,2025-08-13,Ballarat,19,450,6.76,M,4,"3,5,5",$7.00,25.6,"1. Caco Magic
2. Miner Mick
3. Hunterview Jack"
Knockabout Kid,5/8,2025-07-25,Bendigo,7,425,6.94,MAIDEN FINAL,4,N/A,$41.00,23.8,"1. Barooga Jim
2. Hatari
3. Mepunga Sandy"
Knockabout Kid,3/8,2025-07-18,Bendigo,N/A,425,1.77,MH,6,"4,3,3",$29.00,24.2,"1. Slick Tommy
2. Atticus"
Ironic,5/6,2025-08-22,Geelong,20,460,8.6,M,7,"4,5,5",$3.60,26.4,"1. Weblec Snip
2. Greedy Butcher
3. Mighty Multi"
Ironic,3/7,2025-08-02,The Meadows,10,525,6,MF,3,"5,3,3,3",$41.00,30.1,"1. Avengement
2. Flat Out Freddy"
Ironic,3/6,2025-07-23,The Meadows,7,525,7.86,MH,8,"3,3,3,3",$6.50,30,"1. In Bloom
2. Flat Out Freddy"
Ironic,3/8,2025-07-16,The Meadows,7,525,3.97,M,1,"4,3,2,2",$4.33,30.4,"1. I'm Kenny
2. Lady Ness"
Ironic,4/8,2025-07-09,The Meadows,N/A,525,2.89,M,1,"5,3,3,3",$3.90,30.8,"1. Paw Bennett
2. Diplomat
3. I'm Kenny"
Aston Millicent,3/8,2025-08-21,Warrnambool,62,390,2.47,M,4,"3,2",$2.15,22.4,"1. Lara Moon
2. Hunterview Jack"
Aston Millicent,2/7,2025-06-20,Geelong,N/A,400,0.73,M,8,"1,1",$8.50,22.8,"1. Feelin' Free
3. Volts"
Tuncurry Blue,3/8,2025-08-20,Taree,7,300,6,M,3,"2,3",$2.05,17.8,"1. Pop's Big Guy
2. Pouring Rain"
Tuncurry Blue,3/8,2025-08-13,Taree,7,300,3.5,M,7,"1,4",$3.75,17.5,"1. Hot Ruby
2. Lost Compass"
Tuncurry Blue,5/8,2025-08-06,Taree,15,300,10.25,M,8,"3,5",$17.00,17.4,"1. Outplayed
2. Lignite Coal
3. Lost Compass"
Tuncurry Blue,5/6,2025-07-22,Gosford,49,515,12.25,M,3,"3,5,5,5",$7.50,29.4,"1. Sporty Ethics
2. Migaloo
3. Naughty Evie"
Tuncurry Blue,4/8,2025-06-03,Gosford,182,388,15.75,M,2,8,$2.30,22.5,"1. Iron Dome
2. Storyline
3. Radiant Miss"
Tuncurry Blue,3/6,2024-12-03,Gosford,7,515,6,M,2,"2,1",$0.00,29.6,"1. Pepe Morada
2. In The Dark"
Tuncurry Blue,4/6,2024-11-26,Gosford,11,515,9,M,1,"2,1",$0.00,29.7,"1. Super Winona
2. Why Me
3. Goodwin Raso"
Tuncurry Blue,3/8,2024-11-15,The Gardens,9,400,5.25,M,1,"2,4",$7.00,23,"1. Wild Caviar
2. You Tell Her"
Tuncurry Blue,7/8,2024-11-06,Taree,4,300,9.75,MF,7,"1,7",$15.00,17.3,"1. Fortune Hunter
2. Girl Rolex
3. Souvlaki George"
Tuncurry Blue,2/8,2024-11-02,Taree,N/A,300,2.5,M,1,"4,2",$4.80,17.5,"1. Not A Boodie
3. Mum A Key"
Lost Compass,5/8,2025-08-20,Taree,4,300,7.75,M,5,"5,5",$4.50,17.8,"1. Pop's Big Guy
2. Pouring Rain
3. Tuncurry Blue"
Lost Compass,5/7,2025-08-16,Taree,3,300,9,M,7,"3,3",$1.45,17.6,"1. Tulloch Road
2. Swooping Season
3. We So Cunning"
Lost Compass,2/8,2025-08-13,Taree,4,300,2.5,M,4,"3,2",$4.80,17.5,"1. Hot Ruby
3. Tuncurry Blue"
Lost Compass,2/8,2025-08-09,Taree,3,300,2.25,M,6,"3,2",$5.00,17.8,"1. Tout Belle
3. Krypto Rock"
Lost Compass,3/8,2025-08-06,Taree,7,300,6.75,M,7,"5,3",$51.00,17.4,"1. Outplayed
2. Lignite Coal"
Lost Compass,6/8,2025-07-30,Taree,N/A,300,13.25,M,1,"5,5",$10.00,17.5,"1. Christie Road
2. Lignite Coal
3. Tulloch Road"
Whiskey Agogo,3/8,2025-08-23,Taree,8,300,1.75,M,8,"2,3",$2.60,17.8,"1. Pirate Riot
2. Elf Magic"
Whiskey Agogo,3/8,2025-08-15,The Gardens,23,400,2,M,7,2,$7.50,23.4,"1. Breakaway Zipper
2. She's A Angel"
Whiskey Agogo,6/8,2025-07-23,Taree,9,300,11,MH,3,"8,7",$6.00,17.4,"1. Smilin' Ethics
2. Ironbark Boy
3. Our Girl Franky"
Whiskey Agogo,5/8,2025-07-14,Maitland,7,400,7,MF,3,"1,1,3",$15.00,22.7,"1. Tylan Charles
2. Gideon's Riot
3. Samson's Riot"
Whiskey Agogo,5/8,2025-07-07,Maitland,N/A,400,10.5,MH,7,"1,1,1",$6.00,22.6,"1. Magic Fletch
2. Nate's Beast
3. Josh The Boss"
Egyptian Queen,2/6,2025-07-15,Gosford,7,388,1.5,M,1,"2,2,2",$1.18,22.5,"1. Jamal Wick
3. Rico's Princess"
Egyptian Queen,2/8,2025-07-08,Gosford,N/A,388,8,M,2,"3,4,2",$1.75,22.4,"1. Blazing Blue Ice
3. Jamal Wick"
Elf Magic,2/8,2025-08-23,Taree,155,300,0.5,M,2,"4,1",$3.60,17.8,"1. Pirate Riot
3. Whiskey Agogo"
Elf Magic,6/8,2025-03-21,The Gardens,13,400,9,M,3,"7,5",$13.00,23,"1. I'm Alright
2. Armatree Freddo
3. Larrikin Pioneer"
Elf Magic,4/8,2025-03-08,The Gardens,29,400,3,M,5,"4,2",$13.00,23.4,"1. Might Make
2. Toby Bell
3. Larrikin Pioneer"
Elf Magic,4/8,2025-02-07,The Gardens,N/A,400,9.25,M,4,"2,3,3",$7.00,23.3,"1. Game On Greg
2. Midnight Man
3. Celine Rico"
Blocker Perry,3/8,2025-08-02,Taree,10,300,4.25,M,4,"3,3",$6.00,17.9,"1. Jean's Rum
2. Krypto Rock"
Blocker Perry,5/8,2025-07-23,Taree,N/A,300,7.5,MH,7,"6,5",$10.00,17.6,"1. Inner West
2. Witch Rolex
3. Chad's Girl"
Pouring Rain,2/8,2025-08-20,Taree,4,300,4,M,6,"1,2",$8.50,17.8,"1. Pop's Big Guy
3. Tuncurry Blue"
Pouring Rain,5/8,2025-08-16,Taree,3,300,8.25,M,7,"5,5",$26.00,17.4,"1. On The Whisper
2. Lignite Coal
3. Krypto Rock"
Pouring Rain,7/8,2025-08-13,Taree,4,300,8.75,M,4,"1,3",$14.00,17.9,"1. Boss Confetti
2. Novel
3. Lignite Coal"
Pouring Rain,2/8,2025-08-09,Taree,3,300,1.75,M,3,"2,3",$4.75,17.9,"1. Rocky Bell
3. Fab Prince"
Pouring Rain,4/7,2025-08-06,Taree,N/A,300,7.5,M,8,"5,4",$10.00,17.8,"1. Just Us Boys
2. Black Rolex
3. Boss Confetti"
Buffalina,4/8,2025-08-09,Taree,7,300,2.5,M,2,"3,2",$12.00,17.9,"1. Rocky Bell
2. Pouring Rain
3. Fab Prince"
Buffalina,2/8,2025-08-02,Taree,28,300,4,M,8,"6,2",$20.00,18.1,"1. Cyclone Sebas
3. Impress Bev"
Buffalina,6/8,2025-07-05,Taree,14,300,8.25,M,8,"5,3",$14.00,18,"1. Stratavon Bear
2. Ivy Star
3. Jilliby Scotty"
Buffalina,5/7,2025-06-21,Taree,25,300,8.25,M,2,"6,6",$10.00,17.8,"1. Big Cool Kaos
2. Still Watching
3. Ironbark Boy"
Buffalina,8/8,2025-05-27,Casino,N/A,300,15,M,7,"3,8,8",$15.00,17,"1. Integrity Bet
2. Florella
3. Robell Finn"
My Dinosaur,4/8,2025-07-20,Taree,N/A,300,5.5,M,8,"6,4",$34.00,17.3,"1. Very Savage
2. Novel
3. Ironbark Boy"
Rosa's Raider,6/8,2025-08-20,Rockhampton,7,407,11,M,8,5,$81.00,24.3,"1. Miss Bella Blue
2. Urgent Message
3. Dream House"
Rosa's Raider,5/6,2025-08-13,Rockhampton,14,407,12.5,M,8,4,$31.00,24.6,"1. Regal Wolf
2. Miss Bella Blue
3. Miss Senorita"
Rosa's Raider,5/7,2025-07-30,Rockhampton,7,407,16.75,M,8,4,$51.00,24.1,"1. Nuka
2. Velocity Glimmer
3. Mustang Beach"
Rosa's Raider,8/8,2025-07-23,Rockhampton,N/A,407,23,M,2,6,$5.50,23.8,"1. Velocity Radiate
2. Precursor
3. Boonie's Baby"
Sunburnt Buffalo,4/8,2025-08-20,Rockhampton,10,407,5.25,M,2,4,$6.50,24.3,"1. Miss Bella Blue
2. Urgent Message
3. Dream House"
Sunburnt Buffalo,6/8,2025-08-10,Rockhampton,7,407,18,M,3,7,$5.50,24.2,"1. Zabdon Is Back
2. Bouldy Bullet
3. Boonie's Rose"
Sunburnt Buffalo,3/8,2025-08-03,Rockhampton,7,407,0.75,M,3,2,$11.00,24.5,"1. Boonie's Baby
2. Emergency Man"
Sunburnt Buffalo,5/8,2025-07-27,Rockhampton,7,407,14.5,M,6,6,$12.00,24,"1. Precursor
2. Let's Just Dance
3. Boonie's Baby"
Sunburnt Buffalo,3/6,2025-07-20,Rockhampton,49,407,5.25,M,7,3,$5.50,24.3,"1. Sunburnt Dawn
2. Emergency Man"
Sunburnt Buffalo,5/8,2025-06-01,Rockhampton,4,407,8.75,M,5,3,$22.00,23.9,"1. Ballinger Beach
2. Emergency Man
3. Scotch Rocket"
Sunburnt Buffalo,4/7,2025-05-28,Rockhampton,3,407,4.25,M,7,2,$34.00,24.2,"1. Strawberry Crush
2. Urgent Message
3. Wilma Flintstone"
Sunburnt Buffalo,2/6,2025-05-25,Rockhampton,14,407,3,M,8,1,$13.00,24.6,"1. Spot On Betty
3. Scotch Rocket"
Sunburnt Buffalo,6/7,2025-05-11,Rockhampton,21,407,6,M,4,2,$16.00,24.5,"1. Rosa's Shorty
2. Koolboo Brookie
3. Urgent Message"
Sunburnt Buffalo,7/7,2025-04-20,Rockhampton,7,407,19,M,4,5,$13.00,24.2,"1. Hacienda Dream
2. Urgent Message
3. Boulder Beach"
Sunburnt Buffalo,7/7,2025-04-13,Rockhampton,N/A,407,60,M,3,N/A,$13.00,24.2,"1. Any Reason
2. Fielder
3. Koolboo Kid"
Zabdon No Doubt,5/8,2025-08-24,Q Straight,4,300,6.25,M,5,5,$14.00,16.8,"1. Miss Pumpkin
2. Goldstar Carter
3. Lacey Joy"
Zabdon No Doubt,8/8,2025-08-20,Q1 Lakeside,5,352,9.75,M,3,"5,8",$9.00,20.1,"1. Champagne Fizz
2. Ripple Linger
3. Big Eddie"
Zabdon No Doubt,2/6,2025-08-15,Q1 Lakeside,2,390,3,PM,1,N/A,$2.50,22.2,"1. Goldstar George
3. Zabdon Blondie"
Zabdon No Doubt,3/7,2025-08-13,Rockhampton,3,407,3,M,2,4,$4.40,24.6,"1. Dream Train
2. Invincible Steal"
Zabdon No Doubt,4/8,2025-08-10,Rockhampton,3,407,4.5,M,3,2,$7.00,24.3,"1. Boonie's Bell
2. Mustang Beach
3. Run Zulu Run"
Zabdon No Doubt,4/8,2025-08-07,Q Straight,4,350,5.25,M,5,"3,2",$16.00,19.4,"1. Mozer
2. Perfect Pose
3. Walk Away Renee"
Zabdon No Doubt,2/8,2025-08-03,Q Straight,6,300,0.03,M,6,2,$3.70,17.2,"1. Coominya Dream
3. Zabdon Blondie"
Zabdon No Doubt,2/8,2025-07-28,Q Straight,6,350,1.75,PM,5,"1,1,2",$3.60,19.7,"1. Burnt Maru
3. Missy Moo Moo"
Zabdon No Doubt,2/7,2025-07-22,Q1 Lakeside,5,390,3.5,PM,2,"1,1",$3.60,22.3,"1. Lornett Swift
3. Late Mate"
Zabdon No Doubt,2/8,2025-07-17,Q Straight,4,300,0.03,PM,2,2,$7.50,16.8,"1. He's On Show
3. King Moses"
Zabdon No Doubt,8/8,2025-07-13,Capalaba,3,366,8.25,MF,4,"2,4",$151.00,20.2,"1. Kachina Ripple
2. Zabdon Justice
3. Around The Twist"
Zabdon No Doubt,7/8,2025-07-10,Q Straight,4,350,9.25,M,3,"5,5",$61.00,19.6,"1. Versification
2. Colonel's Ranger
3. Tibetan Belle"
Zabdon No Doubt,5/8,2025-07-06,Capalaba,4,366,5.25,M,3,"2,2",$26.00,20.4,"1. Zabdon Justice
2. Zabdon Blondie
3. Zabdon Cream Bun"
Zabdon No Doubt,5/7,2025-07-02,Capalaba,3,366,11.75,M,1,"1,2",$51.00,20.8,"1. Flyaway Jack
2. Bow Shine
3. Glad All Over"
Zabdon No Doubt,3/8,2025-06-29,Capalaba,4,366,8.5,M,8,"5,3",$41.00,20.3,"1. Ruby Slipper
2. King Moses"
Zabdon No Doubt,7/8,2025-06-25,Capalaba,3,366,18.25,PM,1,"5,6",$12.00,20.7,"1. Barry The Boss
2. Zabdon Blondie
3. Myona Amelia"
Zabdon No Doubt,6/8,2025-06-22,Albion Park,9,331,6.75,M,6,5,$51.00,19.6,"1. Federal Rebel
2. Federal Escape
3. Currency Convert"
Zabdon No Doubt,7/8,2025-06-13,Q1 Lakeside,12,390,14,PM,4,5,$15.00,22.3,"1. Rolling Royalty
2. Calamity Corner
3. No Stylist"
Zabdon No Doubt,5/8,2025-06-01,Q1 Lakeside,4,352,5.5,M,5,"6,4,5",$34.00,20.4,"1. Black Feature
2. Popular Monster
3. Missy Moo Moo"
Zabdon No Doubt,8/8,2025-05-28,Albion Park,N/A,395,23.25,M,5,6,$19.00,23,"1. Harry's Hill
2. No Junk
3. Nick's Choice"
King's Beach,7/8,2025-08-24,Rockhampton,4,407,18.75,M,5,6,$31.00,24.3,"1. Boonie's Bella
2. Smoke Stack
3. Hip Hip Hooray"
King's Beach,8/8,2025-08-20,Rockhampton,N/A,407,16.25,M,3,6,$41.00,24.3,"1. Miss Bella Blue
2. Urgent Message
3. Dream House"
Dream House,3/8,2025-08-20,Rockhampton,7,407,2.5,M,6,7,$6.00,24.3,"1. Miss Bella Blue
2. Urgent Message"
Dream House,2/6,2025-08-13,Rockhampton,7,407,4.25,M,3,4,$1.57,24.6,"1. Mustang Beach
3. Demon Deuce"
Dream House,2/6,2025-08-06,Rockhampton,7,407,4.25,M,1,2,$1.45,24.2,"1. Prophet Zulu
3. Mustang Beach"
Dream House,2/7,2025-07-30,Rockhampton,7,407,1.75,M,2,2,$2.80,24.1,"1. Wilma Flintstone
3. Urgent Message"
Dream House,4/8,2025-07-23,Rockhampton,7,407,9.25,M,5,2,$13.00,23.8,"1. Velocity Radiate
2. Precursor
3. Boonie's Baby"
Dream House,7/7,2025-07-16,Rockhampton,N/A,407,13.75,M,6,7,$8.50,24,"1. Bright Side
2. Regal Wolf
3. Boonie's Baby"
Urgent Message,2/8,2025-08-20,Rockhampton,7,407,2,M,1,2,$7.50,24.3,"1. Miss Bella Blue
3. Dream House"
Urgent Message,4/7,2025-08-13,Rockhampton,7,407,3,M,4,5,$22.00,24.6,"1. Dream Train
2. Invincible Steal
3. Zabdon No Doubt"
Urgent Message,4/6,2025-08-06,Rockhampton,7,407,6,M,4,3,$21.00,24.2,"1. Prophet Zulu
2. Dream House
3. Mustang Beach"
Urgent Message,3/7,2025-07-30,Rockhampton,21,407,6,M,4,3,$10.00,24.1,"1. Wilma Flintstone
2. Dream House"
Urgent Message,5/7,2025-07-09,Rockhampton,3,407,6.75,M,1,4,$17.00,24.1,"1. Tusken Raider
2. Playing To Win
3. Tightrope Henry"
Urgent Message,5/6,2025-07-06,Rockhampton,7,407,11.75,M,8,6,$5.50,24,"1. Hassan
2. Sunburnt Dawn
3. Koolboo Brookie"
Urgent Message,7/7,2025-06-29,Rockhampton,7,407,7.5,M,8,5,$21.00,24.3,"1. End Of Tunnel
2. Hara's Oscar
3. Sunburnt Dawn"
Urgent Message,3/6,2025-06-22,Rockhampton,7,407,8.25,M,4,5,$8.00,24,"1. Boulder Beach
2. Run Zulu Run"
Urgent Message,4/7,2025-06-15,Rockhampton,11,407,13,M,7,3,$26.00,23.6,"1. Scotch Rocket
2. Sunburnt Dawn
3. Boulder Beach"
Urgent Message,7/7,2025-06-04,Rockhampton,7,407,31.5,M,6,6,$12.00,24,"1. Catching Rays
2. Boulder Beach
3. Miss Manaudou"
Urgent Message,2/7,2025-05-28,Rockhampton,7,407,3.25,M,1,3,$7.00,24.2,"1. Strawberry Crush
3. Wilma Flintstone"
Urgent Message,3/6,2025-05-21,Rockhampton,3,407,4.25,M,3,4,$9.00,24.2,"1. How's Warren
2. Fielder"
Urgent Message,6/8,2025-05-18,Rockhampton,7,407,5.25,M,3,4,$9.00,24.4,"1. Untamed Banter
2. Tightrope Henry
3. Miss Senorita"
Urgent Message,3/7,2025-05-11,Rockhampton,11,407,4.25,M,8,5,$5.00,24.5,"1. Rosa's Shorty
2. Koolboo Brookie"
Urgent Message,4/7,2025-04-30,Rockhampton,3,407,5.25,M,7,4,$10.00,24.2,"1. Rupee Ranger
2. Chalky's Choice
3. Bev Beach"
Urgent Message,3/7,2025-04-27,Rockhampton,7,407,5.25,M,7,5,$3.80,24.8,"1. Sorrento Beach
2. Koolboo Brookie"
Urgent Message,2/7,2025-04-20,Rockhampton,7,407,7.5,M,7,2,$4.60,24.2,"1. Hacienda Dream
3. Boulder Beach"
Urgent Message,2/7,2025-04-13,Rockhampton,11,407,10.5,M,1,2,$2.62,24,"1. Riding Solo
3. Rosa's Rocks"
Urgent Message,6/6,2025-04-02,Rockhampton,14,407,15.75,M,1,5,$3.40,23.9,"1. Tanned And Taut
2. Dream Design
3. Bev Beach"
Urgent Message,4/8,2025-03-19,Albion Park,N/A,395,8.5,M,6,3,$11.00,23.2,"1. Nando's King
2. Bonnie Royale
3. Daysea's Ziggy"
Emergency Man,5/8,2025-08-20,Rockhampton,10,407,10.75,M,5,1,$5.00,24.3,"1. Miss Bella Blue
2. Urgent Message
3. Dream House"
Emergency Man,6/8,2025-08-10,Rockhampton,7,407,5.75,M,4,4,$4.00,24.3,"1. Boonie's Bell
2. Mustang Beach
3. Run Zulu Run"
Emergency Man,2/8,2025-08-03,Rockhampton,7,407,0.13,M,1,1,$2.45,24.5,"1. Boonie's Baby
3. Sunburnt Buffalo"
Emergency Man,6/8,2025-07-27,Rockhampton,7,407,20,M,4,7,$4.80,24,"1. Precursor
2. Let's Just Dance
3. Boonie's Baby"
Emergency Man,2/6,2025-07-20,Rockhampton,49,407,0.5,M,4,1,$3.90,24.3,"1. Sunburnt Dawn
3. Sunburnt Buffalo"
Emergency Man,2/8,2025-06-01,Rockhampton,7,407,6.5,M,3,1,$11.00,23.9,"1. Ballinger Beach
3. Scotch Rocket"
Emergency Man,3/6,2025-05-25,Rockhampton,N/A,407,9.25,M,4,1,$8.50,23.7,"1. Dish Liquor
2. Rosa's Rocks"
Rosa's Dash,7/8,2025-07-27,Rockhampton,7,407,26.5,M,3,8,$34.00,24,"1. Precursor
2. Let's Just Dance
3. Boonie's Baby"
Rosa's Dash,5/6,2025-07-20,Rockhampton,N/A,407,8.25,M,8,4,$12.00,24.8,"1. Can't Touch Me
2. She's Full On
3. Smoke Stack"
Zabdon Miracle,4/6,2025-08-13,Rockhampton,14,407,7.75,M,7,3,$29.00,24.6,"1. Regal Wolf
2. Miss Bella Blue
3. Miss Senorita"
Zabdon Miracle,8/8,2025-07-30,Capalaba,8,366,11.5,M,2,"5,6",$34.00,20.4,"1. Raging Rhino
2. Glad All Over
3. Maywyn's Mondeo"
Zabdon Miracle,6/7,2025-07-22,Q1 Lakeside,16,390,15,PM,7,"5,6",$23.00,22.3,"1. Lornett Swift
2. Zabdon No Doubt
3. Late Mate"
Zabdon Miracle,7/8,2025-07-06,Capalaba,4,366,15.75,M,7,"5,7",$101.00,19.9,"1. Amanda Lilly
2. Kachina Ripple
3. Around The Twist"
Zabdon Miracle,6/7,2025-07-02,Capalaba,3,366,12.5,M,1,"5,6",$26.00,21,"1. Malipano Beach
2. Zabdon Skippy
3. Zabdon Blondie"
Zabdon Miracle,8/8,2025-06-29,Capalaba,N/A,366,15.25,M,2,"3,6",$61.00,20.2,"1. Mighty Uproar
2. Malipano Beach
3. Amanda Lilly"
Sacha Star,5/6,2025-08-17,Rockhampton,7,407,13.25,M,4,5,$23.00,24,"1. Dozen Nuggets
2. Rosa's Rocks
3. Boonie's Bella"
Sacha Star,8/8,2025-08-10,Rockhampton,14,407,12.25,M,8,8,$101.00,24.3,"1. Boonie's Bell
2. Mustang Beach
3. Run Zulu Run"
Sacha Star,8/8,2025-07-27,Rockhampton,7,407,27,M,5,4,$81.00,24,"1. Precursor
2. Let's Just Dance
3. Boonie's Baby"
Sacha Star,5/6,2025-07-20,Rockhampton,N/A,407,19,M,2,5,$10.00,24.3,"1. Sunburnt Dawn
2. Emergency Man
3. Sunburnt Buffalo"
Morning Daylight,3/8,2025-07-30,Richmond,7,320,3.5,MF,3,"3,3,2",$3.10,18.2,"1. Back Tomorrow
2. Before The Dawn"
Morning Daylight,2/8,2025-07-23,Richmond,5,320,1,MH,8,"2,2,2",$1.95,18.3,"1. Elsa Above
3. Mrs. Buttons"
Morning Daylight,3/8,2025-07-18,Richmond,N/A,320,6.25,M,6,"2,2,4",$1.50,18.2,"1. Unacceptable Nik
2. Tap Out Tiffy"
Tommy's Done,8/8,2025-08-20,Richmond,12,320,13.75,MH,5,"5,5,8",$15.00,18.4,"1. Winsome Jet
2. Bobby Junior
3. Lock Star"
Tommy's Done,6/8,2025-08-08,Richmond,N/A,320,21.25,M,5,"5,5,4",$4.33,18.4,"1. Split Rim
2. Tarawi Brumby
3. Kota Whyte"
She's The Best,4/8,2025-08-17,Richmond,25,401,2.5,M,7,"1,2,4",$71.00,23.3,"1. Tommy's Dawn
2. What's The Story
3. Dreams Come True"
She's The Best,6/8,2025-07-23,Richmond,3,320,8.25,MH,6,"8,8,8",$101.00,18.3,"1. Elsa Above
2. Morning Daylight
3. Mrs. Buttons"
She's The Best,6/8,2025-07-20,Richmond,5,401,11.5,M,8,"5,8,5",$15.00,23,"1. Wangaroa Wally
2. Missile Boy
3. Question This"
She's The Best,4/6,2025-07-15,Gosford,6,388,6.25,M,3,"5,4,4",$13.00,22.5,"1. Jamal Wick
2. Egyptian Queen
3. Rico's Princess"
She's The Best,6/8,2025-07-09,Richmond,8,401,13.5,MH,2,"5,7,7",$18.00,22.5,"1. Magical Ang
2. Winsome Josie
3. Zipping Ruffian"
She's The Best,7/8,2025-07-01,Gosford,6,515,27.25,XM5,7,"4,5,5,7",$101.00,29.6,"1. Why Me
2. White High
3. She's Grooving"
She's The Best,7/8,2025-06-25,Richmond,5,320,8.5,MH,2,"8,8,8",$31.00,18.5,"1. Snapper Head
2. Stephen Witherap
3. My Roadster Boy"
She's The Best,3/7,2025-06-20,Richmond,7,320,6.5,M,8,"2,2,3",$21.00,18.6,"1. Tap Out Rusty
2. Avoca Star"
She's The Best,6/8,2025-06-13,Richmond,58,320,12.25,M,3,"8,8,7",$21.00,18.2,"1. New Surprise
2. Aston Ringgit
3. Shifty Shiloh"
She's The Best,4/8,2025-04-16,Richmond,3,401,12.5,MH,2,"6,7,6",$29.00,22.7,"1. Shaq Keeping
2. Cheetah Moon
3. News At Eight"
She's The Best,3/8,2025-04-13,Richmond,10,401,9.25,M,6,"8,7,3",$22.00,23,"1. Canya Rapid Fire
2. Free Moe Diva"
She's The Best,7/7,2025-04-03,Wentworth Park,4,520,25.25,SH,6,"7,7,6",$41.00,30,"1. Taw Major
2. Honey Badger
3. Vivid Memory"
She's The Best,7/8,2025-03-30,Richmond,5,401,8.25,M,2,"4,7,7",$26.00,23,"1. Zipping Una
2. Motor City Mini
3. Lily Bloom"
She's The Best,3/8,2025-03-25,Gosford,7,515,6.25,M,2,"3,3,3,3",$10.00,29.9,"1. White High
2. Black Tiger"
She's The Best,5/7,2025-03-18,Gosford,7,515,17.5,XM5,7,"6,3,4,4",$81.00,29.3,"1. Unleash Jodi
2. Reiss Royalty
3. Sit In Silence"
She's The Best,4/7,2025-03-11,Gosford,6,515,13,M,7,"7,6,7,4",$29.00,29.8,"1. Why Me
2. White High
3. Zipping Una"
She's The Best,4/7,2025-03-05,Richmond,26,320,10.25,MH,8,"7,7,6",$20.00,18.6,"1. Catch Me Fire
2. Gengar Wave
3. Zipping Mckeon"
She's The Best,3/8,2025-02-07,Richmond,10,320,3.75,M,7,"1,1,1",$26.00,18.5,"1. You Two
2. Double Two"
She's The Best,7/8,2025-01-28,Gosford,7,515,17.75,M,1,"6,6,4,6",$22.00,29.9,"1. Winifred Nora
2. Ultimate Ethics
3. Bound's Missile"
She's The Best,4/6,2025-01-21,Gosford,N/A,388,4.75,M,8,"6,5,4",$2.00,22.6,"1. Edge Of Angel
2. Bullet The Brute
3. Time Lapse"
Infuriate,5/8,2025-08-20,Richmond,N/A,320,13.5,MH,1,"7,7,5",$10.00,18.2,"1. Winsome Rambo
2. What's The Story
3. Phoenix Moon"
Dawn's Boy,6/8,2025-08-20,Richmond,N/A,320,14.25,MH,6,"2,2,6",$22.00,18.3,"1. Cash De Oro
2. Winsome Storm
3. Erina Flash"
Tap Out Tiffy,2/8,2025-08-24,Richmond,4,320,2.25,M,2,"7,7,8",$13.00,18.6,"1. Three Hundred
3. All On Barney"
Tap Out Tiffy,4/8,2025-08-20,Richmond,7,320,7.25,MH,2,"8,8,7",$11.00,18.4,"1. Winsome Jet
2. Bobby Junior
3. Lock Star"
Tap Out Tiffy,5/8,2025-08-13,Richmond,7,320,8.25,M,5,"7,7,7",$14.00,18.2,"1. Summer Dream
2. Three Hundred
3. Blindspot"
Tap Out Tiffy,6/8,2025-08-06,Richmond,3,401,3.25,MH,8,"8,7,7",$34.00,23.1,"1. Mrs. Buttons
2. Club Dozer
3. Maybe Next Week"
Tap Out Tiffy,3/8,2025-08-03,Richmond,4,320,6.75,M,1,"8,8,5",$8.50,18.4,"1. My Harley
2. Maybe Next Week"
Tap Out Tiffy,6/8,2025-07-30,Richmond,7,320,2.5,M,7,"5,5,6",$5.00,18.7,"1. Lizzie Long Legs
2. Phoenix Moon
3. Mccathery"
Tap Out Tiffy,4/8,2025-07-23,Richmond,5,320,3.5,MH,4,"5,5,6",$10.00,18.3,"1. Elsa Above
2. Morning Daylight
3. Mrs. Buttons"
Tap Out Tiffy,2/8,2025-07-18,Richmond,16,320,6,M,5,"3,3,5",$23.00,18.2,"1. Unacceptable Nik
3. Morning Daylight"
Tap Out Tiffy,4/6,2025-07-02,Richmond,7,320,3.25,M,5,"5,5,5",$12.00,18.8,"1. Zipping Bullet
2. Aston Ringgit
3. Senora Riot"
Tap Out Tiffy,8/8,2025-06-25,Richmond,94,320,9.25,MH,4,"5,5,7",$34.00,18.5,"1. Snapper Head
2. Stephen Witherap
3. My Roadster Boy"
Tap Out Tiffy,8/8,2025-03-23,Richmond,N/A,401,23.75,M,7,"6,6,6",$16.00,22.9,"1. Hello How Low
2. Lean Brick
3. Lily Bloom"
Lock Star,3/8,2025-08-20,Richmond,43,320,6.25,MH,8,"3,3,3",$20.00,18.4,"1. Winsome Jet
2. Bobby Junior"
Lock Star,8/8,2025-07-08,Bulli,40,400,13.25,M,8,"5,4,8",$13.00,22.7,"1. Elite Whisper
2. Major Ted
3. Ritzy Ethics"
Lock Star,6/8,2025-05-29,Richmond Straight,N/A,324,8.25,M,8,"6,6,6",$5.50,18.4,"1. Eidetic Memory
2. Tarawi Lock
3. Quay"
Terra May,5/8,2025-08-20,Richmond,3,320,9.5,MH,4,"5,5,5",$17.00,18.3,"1. Cash De Oro
2. Winsome Storm
3. Erina Flash"
Terra May,6/8,2025-08-17,Richmond,4,320,10,M,6,"3,3,4",$10.00,18.2,"1. Maybe Next Week
2. Turbo Todd
3. Mccathery"
Terra May,6/8,2025-08-13,Richmond,6,320,9.75,M,4,"6,6,6",$21.00,18.2,"1. Summer Dream
2. Three Hundred
3. Blindspot"
Terra May,3/8,2025-08-07,Richmond Straight,11,324,10.25,M,4,"4,3,2",$11.00,17.8,"1. Zipping Xaden
2. Neat Style"
Terra May,7/8,2025-07-27,Richmond,5,320,8.75,M,4,"6,6,7",$10.00,18.6,"1. Back Tomorrow
2. My Roadster Boy
3. Aorta"
Terra May,5/6,2025-07-22,Bulli,N/A,340,8,M,4,"2,2,5",$4.33,19.4,"1. Moo Moo's Magic
2. Is That Indy
3. Sin City Barbie"
Revolution Rico,3/8,2025-08-20,Cannington,14,381,1.5,M,2,"5,4,3",$12.00,22.2,"1. Bolt Of Fun
2. Alison's Mission"
Revolution Rico,5/8,2025-08-06,Cannington,11,381,7.5,M,4,"7,6,5",$19.00,22,"1. City Of Love
2. Geordie Lad
3. Bolt Of Fun"
Revolution Rico,3/6,2025-07-26,Cannington,10,381,2.5,M,4,"5,5,5",$8.50,22.3,"1. Miss Makutz
2. Akermanis"
Revolution Rico,5/8,2025-07-16,Cannington,7,381,6,M,5,"7,7,7",$17.00,22.2,"1. Rippin' Pedro
2. Crenshaw King
3. Makutz"
Revolution Rico,3/8,2025-07-09,Cannington,14,381,7.5,M,1,"4,4,4",$3.60,22.3,"1. Lara Magic
2. Akermanis"
Revolution Rico,5/8,2025-06-25,Cannington,7,520,10.5,M,3,"5,5,5,5",$81.00,30.1,"1. Sunset Paris
2. Take My Advice
3. Aston Negroni"
Revolution Rico,5/8,2025-06-18,Cannington,7,520,11,M,4,"7,6,6,6",$51.00,30.1,"1. Finny Fox
2. Take My Advice
3. Knight Fright"
Revolution Rico,4/8,2025-06-11,Cannington,74,520,14,M,2,"7,4,5,4",$34.00,30.1,"1. Tic Tac Monelli
2. Sunset Paris
3. Finny Fox"
Revolution Rico,3/5,2025-03-29,Cannington,10,520,19.75,M,5,"5,5,4,4",$12.00,30.1,"1. West On Burnie
2. Burnt Passion"
Revolution Rico,4/8,2025-03-19,Cannington,7,520,5.25,M,7,"4,5,4,4",$51.00,30.2,"1. Chef's Dream
2. Think Positive
3. West On Burnie"
Revolution Rico,5/8,2025-03-12,Cannington,11,520,10.25,M,6,"8,6,6,6",$26.00,29.9,"1. Midgegooroo Road
2. Bangor Tiger
3. West On Burnie"
Revolution Rico,3/8,2025-03-01,Cannington,86,520,7.75,M,3,"7,3,3,3",$67.00,30.2,"1. Catch The Feels
2. Jai Bubba"
Revolution Rico,6/6,2024-12-05,Northam,7,509,63.25,M,5,"6,6,6,6",$0.00,29.7,"1. Jayde Mccool
2. Incredible Lord
3. Knight Fright"
Revolution Rico,4/7,2024-11-28,Northam,7,509,7.5,M,7,"4,5,5,5",$0.00,29.9,"1. El Bandaleros
2. Jayde Mccool
3. Incredible Lord"
Revolution Rico,5/8,2024-11-21,Northam,28,509,8.75,M,5,"3,4,5,5",$0.00,29.9,"1. Mrs. Nesbit
2. Jayde Mccool
3. Incredible Lord"
Revolution Rico,7/8,2024-10-24,Northam,7,509,13.5,M,5,"8,8,8,8",$71.00,29.8,"1. Canya Ice Man
2. American Indian
3. Jayde Mccool"
Revolution Rico,7/8,2024-10-17,Northam,14,509,9.25,M,6,"3,7,8,7",$34.00,30,"1. Quick Lands
2. El Bandaleros
3. Pure Love"
Revolution Rico,8/8,2024-10-03,Northam,7,509,17.75,M,6,"5,3,8,8",$16.00,30,"1. Incredible King
2. Pure Love
3. Arctic Crop"
Revolution Rico,2/7,2024-09-26,Northam,7,509,5.75,M,2,"6,3,3,3",$6.50,30.1,"1. Markov
3. Go Gettem Scooby"
Revolution Rico,6/8,2024-09-19,Northam,N/A,509,7.5,M,6,"7,6,7,6",$21.00,30.4,"1. Junk Yard Clyde
2. Lou's Soul
3. Pure Love"
Missing Cash,4/8,2025-08-20,Cannington,6,381,6,M,5,"4,4,4",$7.50,22.2,"1. Bark Lightyear
2. Milky Bar Kid
3. Pickling Pete"
Missing Cash,6/8,2025-08-14,Cannington,N/A,381,9,M,2,"5,4,6",$8.00,22.2,"1. Geordie Lad
2. Bolt Of Fun
3. Lady Freya"
Akermanis,7/8,2025-08-06,Cannington,11,381,12.5,M,7,"6,7,7",$14.00,22,"1. City Of Love
2. Geordie Lad
3. Bolt Of Fun"
Akermanis,2/6,2025-07-26,Cannington,10,381,2,M,1,"3,3,3",$2.40,22.3,"1. Miss Makutz
3. Revolution Rico"
Akermanis,6/8,2025-07-16,Cannington,7,381,6,M,3,"5,5,5",$4.40,22.2,"1. Rippin' Pedro
2. Crenshaw King
3. Makutz"
Akermanis,2/8,2025-07-09,Cannington,7,381,2.25,M,3,"3,3,2",$4.00,22.3,"1. Lara Magic
3. Revolution Rico"
Akermanis,4/8,2025-07-02,Cannington,22,381,5.25,M,2,"8,6,6",$4.60,22.4,"1. Big Phantom
2. Lara Magic
3. Alison's Mission"
Akermanis,7/8,2025-06-10,Mandurah,7,400,12.25,MF,1,"5,6",$26.00,22.6,"1. Security Spot
2. Lolly Monelli
3. Gigabyte"
Akermanis,4/6,2025-06-03,Mandurah,6,400,4.75,M,8,"4,4",$8.50,22.9,"1. Lightning Byte
2. Lolly Monelli
3. Full Gloss Kwang"
Akermanis,6/7,2025-05-28,Cannington,7,381,7,M,6,"4,6,6",$7.00,21.9,"1. Speedy Cruella
2. Thank You Joe
3. Band For Band"
Akermanis,4/8,2025-05-21,Cannington,14,381,6.5,M,4,"5,4,4",$13.00,21.9,"1. Cynthia Keeping
2. Blue Bird Days
3. Full Gloss Kwang"
Akermanis,4/8,2025-05-07,Cannington,7,381,1.5,M,4,"6,6,4",$13.00,22.4,"1. Origin Blue
2. Speedy Cruella
3. Royal Waldorf"
Akermanis,4/7,2025-04-30,Cannington,6,381,5.25,M,3,"3,4,4",$5.50,22,"1. Harmony Rhythm
2. Rapido Pronto
3. Blue Bird Days"
Akermanis,3/8,2025-04-24,Cannington,15,381,5,M,3,"4,3,3",$5.00,22,"1. Dazzling Lizzie
2. Blue Bird Days"
Akermanis,7/7,2025-04-09,Cannington,14,381,29.75,M,3,"7,7,7",$4.00,21.8,"1. Ammunition
2. Sunset Bodacious
3. Shinboner Pixie"
Akermanis,4/8,2025-03-26,Cannington,N/A,381,3,M,8,"4,4,4",$20.00,22.2,"1. Speedy Deville
2. Tiana Banana
3. Speedy Cruella"
Phoebe Keeping,7/8,2025-08-20,Cannington,21,381,10,M,8,"5,5,5",$41.00,22.2,"1. Bark Lightyear
2. Milky Bar Kid
3. Pickling Pete"
Phoebe Keeping,6/8,2025-07-30,Cannington,21,381,11,M,5,"5,5,5",$71.00,22,"1. Space Zoomer
2. City Of Love
3. Crenshaw King"
Phoebe Keeping,4/8,2025-07-09,Cannington,N/A,381,8.75,M,7,"5,5,5",$12.00,22.3,"1. Lara Magic
2. Akermanis
3. Revolution Rico"
Alison's Mission,2/8,2025-08-20,Cannington,6,381,0.75,M,1,"2,2,2",$11.00,22.2,"1. Bolt Of Fun
3. Revolution Rico"
Alison's Mission,5/8,2025-08-14,Cannington,15,381,7.25,M,4,"7,7,5",$14.00,22.2,"1. Geordie Lad
2. Bolt Of Fun
3. Lady Freya"
Alison's Mission,5/8,2025-07-30,Cannington,14,381,9.25,M,8,"6,6,6",$26.00,22,"1. Space Zoomer
2. City Of Love
3. Crenshaw King"
Alison's Mission,4/8,2025-07-16,Cannington,11,381,4.75,M,7,"4,4,4",$16.00,22.2,"1. Rippin' Pedro
2. Crenshaw King
3. Makutz"
Alison's Mission,2/5,2025-07-05,Cannington,3,381,4.75,M,2,"2,3,2",$4.80,22.1,"1. Just Must
3. Makutz"
Alison's Mission,3/8,2025-07-02,Cannington,14,381,3.5,M,5,"4,4,4",$16.00,22.4,"1. Big Phantom
2. Lara Magic"
Alison's Mission,3/8,2025-06-18,Cannington,7,381,3.75,M,1,"4,5,3",$4.50,22.4,"1. Band For Band
2. Big Phantom"
Alison's Mission,4/8,2025-06-11,Cannington,7,381,9.75,M,5,"5,6,5",$17.00,22,"1. Thank You Joe
2. Band For Band
3. Royal Waldorf"
Alison's Mission,5/8,2025-06-04,Cannington,N/A,381,8.25,M,2,"6,5,5",$10.00,22,"1. Blue Bird Days
2. Band For Band
3. Thank You Joe"
Lift Me Up,7/8,2025-08-14,Cannington,N/A,381,10,M,3,"8,8,8",$4.60,22.2,"1. Geordie Lad
2. Bolt Of Fun
3. Lady Freya"
Erin Go Bragh,5/8,2025-08-20,Cannington,15,381,5.25,M,5,"3,3,4",$8.00,22.2,"1. Bolt Of Fun
2. Alison's Mission
3. Revolution Rico"
Erin Go Bragh,7/8,2025-08-05,Mandurah,7,400,7,MH,2,"2,2",$17.00,22.6,"1. Elite Deluxe
2. Crenshaw King
3. Szyslak"
Erin Go Bragh,6/7,2025-07-29,Mandurah,N/A,400,4.25,M,8,"3,3",$18.00,22.9,"1. Zatara's Image
2. Just A Madam
3. Warrior Zeus"
Makutz,5/8,2025-08-20,Cannington,14,381,8.5,M,7,"6,6,6",$22.00,22.2,"1. Bark Lightyear
2. Milky Bar Kid
3. Pickling Pete"
Makutz,6/8,2025-08-06,Cannington,7,381,11.5,M,2,"5,5,6",$14.00,22,"1. City Of Love
2. Geordie Lad
3. Bolt Of Fun"
Makutz,7/8,2025-07-30,Cannington,14,381,12.75,M,3,"8,8,8",$13.00,22,"1. Space Zoomer
2. City Of Love
3. Crenshaw King"
Makutz,3/8,2025-07-16,Cannington,11,381,3.5,M,8,"2,2,3",$12.00,22.2,"1. Rippin' Pedro
2. Crenshaw King"
Makutz,3/5,2025-07-05,Cannington,3,381,6.25,M,8,"3,2,3",$6.00,22.1,"1. Just Must
2. Alison's Mission"
Makutz,8/8,2025-07-02,Cannington,21,381,10.25,M,3,"7,8,8",$8.50,22.4,"1. Big Phantom
2. Lara Magic
3. Alison's Mission"
Makutz,7/8,2025-06-11,Cannington,7,381,14.75,M,4,"7,7,7",$9.00,22,"1. Thank You Joe
2. Band For Band
3. Royal Waldorf"
Makutz,7/8,2025-06-04,Cannington,N/A,381,11.5,M,7,"7,7,8",$13.00,22,"1. Blue Bird Days
2. Band For Band
3. Thank You Joe"
