Race,Dog number,Name,Form,Win,Place
20:20  Sale,2,Green Shoots,2364224363,,
20:20  Sale,3,Dundee Sterling,466,,
20:20  Sale,4,Evelyn Annie,35436,,
20:20  Sale,6,Dr. Rafaela,7726867,,
20:20  Sale,7,Collinda Flick,76,,
20:20  Sale,8,Awesome Bindi,3437668887,,
20:20  Sale,5,Dr. Yamir,576,,
20:20  Sale,5,Riverbank Sandy,,,
20:37  Sale,1,Sugar Plum Rose,2351324285,,
20:37  Sale,2,Be You,7564135343,,
20:37  Sale,3,Delusional,33241,,
20:37  Sale,4,Taylor's Girl,4425236336,,
20:37  Sale,5,Be A Cowboy,3214426434,,
20:37  Sale,6,Windorah,3431647227,,
20:37  Sale,7,Herbie,24352214,,
20:37  Sale,8,Miss Indi Bear,7127,,
20:55  Sale,1,Kaia Got Square,815451266,,
20:55  Sale,2,Jovial Gem,574484252,,
20:55  Sale,3,Collinda Blinder,66124X6247,,
20:55  Sale,4,Dr. Anne,5224448863,,
20:55  Sale,5,Aston Cleese,744511,,
20:55  Sale,6,Wrong Missy,5268454283,,
20:55  Sale,7,Dr. Cougar,321516278,,
20:55  Sale,8,Dr. Maniac,6341576518,,
21:11  Sale,1,Midnight Shimmer,7631573776,,
21:11  Sale,2,Inter Cyborg,3171467377,,
21:11  Sale,3,Poppy's Pal,1576166337,,
21:11  Sale,4,Disco Gizmo,7788524374,,
21:11  Sale,5,Somerton June,2253865436,,
21:11  Sale,6,Money Machine,7812588536,,
21:11  Sale,7,Black Pistol,2427288768,,
21:11  Sale,8,Be Rugged,3463837653,,
21:11  Sale,1,Hawkeyed Kid,681217784,,
21:11  Sale,2,Brocky Sands,4588627565,,
21:11  Sale,3,Our Tiger Norma,4247513666,,
21:11  Sale,4,Miss Daicos,2646364676,,
21:11  Sale,5,Princess Lass,2242411354,,
21:11  Sale,7,Ranger's Girl,8254632368,,
21:11  Sale,8,Ballymac Storm,4365218814,,
21:11  Sale,6,Winckie Bale,,,
21:49  Sale,1,Dignity Prevails,7641867454,,
21:49  Sale,2,Somerton Teddy,8621582545,,
21:49  Sale,3,Green Frog Cafe,X645266127,,
21:49  Sale,4,Stockman George,531653172,,
21:49  Sale,7,Hard Copy,7882765773,,
21:49  Sale,8,Yorkshire Girl,535417664,,
21:49  Sale,6,Dr. Hopper,,,
22:16  Sale,1,Aston Chant,154561213,,
22:16  Sale,2,Our Mabel,1551424571,,
22:16  Sale,3,Jack Hook,883185X515,,
22:16  Sale,4,Akina Jazz,1737123358,,
22:16  Sale,5,Kokoda Trail,6351231176,,
22:16  Sale,6,Holly Rose,4324834553,,
22:16  Sale,7,Sally Can Wait,6213275517,,
22:16  Sale,8,Xatu Bale,5352566431,,
22:32  Sale,1,Gin Chaser,8X88778152,,
22:32  Sale,2,Splashed,2157633156,,
22:32  Sale,3,Jairon Bale,6867533676,,
22:32  Sale,4,Steele Jakit,5524534134,,
22:32  Sale,6,Madalia Tipper,4256552587,,
22:32  Sale,7,Smooth Ranger,5758676432,,
22:32  Sale,8,Madalia Snoopy,7345657572,,
22:47  Sale,1,Dr. Angelo,2356664253,,
22:47  Sale,3,Hammer Rose,2571274541,,
22:47  Sale,4,Collinda Dougie,152775X771,,
22:47  Sale,5,Christa's Girl,2361847687,,
22:47  Sale,6,Dr. Buck,6436864333,,
22:47  Sale,7,Magical Paws,1277766751,,
22:47  Sale,8,Two Boo Hook,36456X4662,,
01:18 - 26 Aug 2025,2,Whisky Ninja,,,
23:07  Sale,1,Computer Model,1453257457,,
23:07  Sale,2,Swooping Swan,1374468173,,
23:07  Sale,3,Roman Empire,6735828154,,
23:07  Sale,4,Scooba Steve,15X1477763,,
23:07  Sale,6,Dr. Gabriella,7331818748,,
23:07  Sale,7,Codicil,3275176161,,
23:07  Sale,8,Socks And Slides,6517233556,,
23:29  Sale,1,Neena Bale,7223464366,,
23:29  Sale,2,Ace Of Pace,7852644862,,
23:29  Sale,3,Ruptured,2746173266,,
23:29  Sale,4,Irinka Ashley,7131458758,,
23:29  Sale,5,Elsie Dreaming,6628362725,,
23:29  Sale,7,Jayville Zoe,534456X342,,
23:29  Sale,8,Parumba Cha Cha,2453351883,,
23:29  Sale,6,Heyfield Honey,,,
23:50  Sale,1,Sweet Tonight,3358633565,,
23:50  Sale,2,I'm A Treasure,5536876625,,
23:50  Sale,3,Zorbas Bale,5387866666,,
23:50  Sale,4,Slow Cheetah,1784257657,,
23:50  Sale,5,Paw Ursula,5863446565,,
23:50  Sale,6,Locked And Ready,2457476765,,
23:50  Sale,7,Be A Character,575445556,,
23:50  Sale,8,Dr. Ducky,823875858,,
20:30  Capalaba,2,In Stiches,36757X7475,,
20:30  Capalaba,3,One Eye,5546848474,,
20:30  Capalaba,4,Batman Returns,8X84858845,,
20:30  Capalaba,5,Federal Master,4736726886,,
20:30  Capalaba,6,Polly's Vibe,5555663327,,
20:30  Capalaba,7,Bundy Black,8647485765,,
20:30  Capalaba,8,Brodie And Me,3766683563,,
20:47  Capalaba,1,Lucky Time,52,,
20:47  Capalaba,2,Orlando Beach,3252,,
20:47  Capalaba,3,Maywyn Leo,,,
20:47  Capalaba,5,Graphite,833,,
20:47  Capalaba,6,Blue Fifty,,,
20:47  Capalaba,8,Maywyn's Mondeo,55325,,
21:03  Capalaba,1,So Simple,2421645884,,
21:03  Capalaba,2,Cabarita Beach,14545,,
21:03  Capalaba,3,Lilly Dragon,2486475544,,
21:03  Capalaba,4,Black Harada,5748768838,,
21:03  Capalaba,5,Turbo Express,5677688878,,
21:03  Capalaba,6,Red Hot Kiwi,2256282767,,
21:03  Capalaba,7,Boom Boom Bernie,2478583678,,
21:03  Capalaba,8,Mum's Tiger,5847666478,,
21:24  Capalaba,1,Minter Thrill,8462463783,,
21:24  Capalaba,2,Shadow Raven,4564676883,,
21:24  Capalaba,3,Mr. Einstein,6124,,
21:24  Capalaba,4,Black Raspberry,7152288872,,
21:24  Capalaba,5,Lakoda Rusty,3687334244,,
21:24  Capalaba,6,Tiny Rocket,2688852573,,
21:24  Capalaba,7,Somerset Bluey,2744725363,,
21:24  Capalaba,8,More Than Merry,17742,,
21:45  Capalaba,1,Top Eight,1343245525,,
21:45  Capalaba,2,Giverny,X111346477,,
21:45  Capalaba,3,Hooked On Magic,5113566437,,
21:45  Capalaba,4,Bardwell,2682426165,,
21:45  Capalaba,5,Maps,4474514467,,
21:45  Capalaba,6,Wally's Boy,1783785386,,
21:45  Capalaba,7,Where's My Rum,3351566368,,
21:45  Capalaba,8,Solar Rose,4567343784,,
21:45  Capalaba,1,Zooming Zena,3663135585,,
21:45  Capalaba,2,Salute,745X668436,,
21:45  Capalaba,3,Ernie's Hill,6357762486,,
21:45  Capalaba,4,Unintended,3237613543,,
21:45  Capalaba,5,Future Ethics,4873588838,,
21:45  Capalaba,6,Daysea's Elvis,1666247885,,
21:45  Capalaba,7,Din Djarin,8773431664,,
21:45  Capalaba,8,Tuta Knight,6416783777,,
21:45  Capalaba,1,Astro Lee,4445564155,,
21:45  Capalaba,2,Tim Harrison,2574122465,,
21:45  Capalaba,3,Red Sun,6644523665,,
21:45  Capalaba,4,Black Horse,1252121115,,
21:45  Capalaba,5,Too Hot,7264181325,,
21:45  Capalaba,6,Daysea's Katie,8453278481,,
21:45  Capalaba,7,Speeding Fine,6424357847,,
21:45  Capalaba,8,Zipping Geppetto,4273534766,,
21:45  Capalaba,1,Mandanda,7345344125,,
21:45  Capalaba,2,Hocking,2251111656,,
21:45  Capalaba,4,Padova,3335115666,,
21:45  Capalaba,5,Steel Rigging,4528177762,,
21:45  Capalaba,6,Daysea's Court,2432623156,,
21:45  Capalaba,7,Daysea's Kurt,6184376114,,
21:45  Capalaba,8,Have Ignition,7322312557,,
21:45  Capalaba,3,Sketchy Bloke,,,
23:11  Capalaba,1,Memory Of Mum,2155167311,,
23:11  Capalaba,2,Kahlia's Pride,7863776368,,
23:11  Capalaba,3,Sorry Nan,1341372344,,
23:11  Capalaba,4,Winged Wonder,1422477566,,
23:11  Capalaba,5,Bella Bunyip,7548424523,,
23:11  Capalaba,6,East Coast,1121374726,,
23:11  Capalaba,8,Kulnura Kid,52732218X8,,
23:11  Capalaba,7,She's Athletic,3875585755,,
23:11  Capalaba,7,Seriously,,,
23:26  Capalaba,1,Bug Me Not,4472534577,,
23:26  Capalaba,2,Federal Lotus,6625631363,,
23:26  Capalaba,3,Eastly Bloom,6312676437,,
23:26  Capalaba,4,Mystic Mirage,6656247547,,
23:26  Capalaba,5,Up Beat,5533875825,,
23:26  Capalaba,6,Racing Queen,4568657257,,
23:26  Capalaba,7,Sorella,1151446254,,
23:26  Capalaba,8,Ice Rider,2741335543,,
23:46  Capalaba,1,Diva Unleashed,5686537677,,
23:46  Capalaba,2,Somerset Jesse,7722565857,,
23:46  Capalaba,3,Danni And You,5867581778,,
23:46  Capalaba,4,Jimmy Giant,3676X66767,,
23:46  Capalaba,5,Gold Tip,6777652878,,
23:46  Capalaba,6,Kingston Trick,6737867878,,
23:46  Capalaba,7,Ripple Road,4181676488,,
23:46  Capalaba,8,Force,8866164888,,
00:01  Capalaba,1,Emerald Dragon,1535554284,,
00:01  Capalaba,2,Farmor Relief,5436772247,,
00:01  Capalaba,3,Ecker Road,2635312288,,
00:01  Capalaba,4,Imposing Blade,154421222X,,
00:01  Capalaba,5,Weeona Bella,7684164377,,
00:01  Capalaba,6,Mr Fresh,2156212246,,
00:01  Capalaba,7,Canya Hammer,465658177X,,
00:01  Capalaba,8,Curious Caza,6216311416,,
21:38  Temora,2,Sycamore Twinkle,776666,,
21:38  Temora,3,Jacobite Knife,,,
21:38  Temora,5,Itchy Knee Sung,5252342532,,
21:38  Temora,6,Reefton Wrecker,3856757877,,
21:38  Temora,7,Irinka Mandy,3422444274,,
21:38  Temora,8,Count Joker,68666X8553,,
21:57  Temora,1,Alcazar,X243X78X47,,
21:57  Temora,2,Irinka Fred,6113,,
21:57  Temora,4,Magic Breakout,5671766422,,
21:57  Temora,5,Sammy The Bull,3346525654,,
21:57  Temora,7,Devotional,17535148,,
21:57  Temora,8,Temora Terror,716,,
22:19  Temora,1,Hurdling Harold,4686658664,,
22:19  Temora,2,Miss Crawley,6643X16,,
22:19  Temora,3,Irinka Brett,2314,,
22:19  Temora,4,Rockholes Viv,2384222175,,
22:19  Temora,6,Irinka Wayne,43232,,
22:19  Temora,7,Neymar Nismo,464331337,,
22:19  Temora,8,Phoenix Silver,3213521,,
22:40  Temora,1,Lone Chime,6155726588,,
22:40  Temora,2,Razzle Ann,6455478647,,
22:40  Temora,3,Manila Shelby,6678388868,,
22:40  Temora,4,Only Ollie,8787X68446,,
22:40  Temora,5,Cawbourne Chad,26X3665765,,
22:40  Temora,6,Sasha Keeping,8784175775,,
22:40  Temora,7,Sycamore Riggles,14X8X54X8X,,
22:40  Temora,8,Gonski,4146345458,,
22:57  Temora,1,Polka Dot Pink,7426271774,,
22:57  Temora,2,Westside Babe,8651542872,,
22:57  Temora,3,My Rupee,163127X7X1,,
22:57  Temora,4,Just A Dazzler,212226211X,,
22:57  Temora,5,Calculus,631181X654,,
22:57  Temora,6,Sophie's Desire,3646266463,,
22:57  Temora,7,Dana Jay,6446588233,,
22:57  Temora,8,Lagoon Ohiyesa,2341443827,,
23:22  Temora,1,Aston Outlay,5317485631,,
23:22  Temora,2,Dark Panther,7631513161,,
23:22  Temora,3,Buddy Moses,7128831525,,
23:22  Temora,4,Dana Pauline,6246185315,,
23:22  Temora,5,Dana Curly,2863871637,,
23:22  Temora,6,Kim's Chance,6125458286,,
23:22  Temora,7,Dolly's Hope,5347777344,,
23:22  Temora,8,Dana Angus,424851773,,
23:42  Temora,1,Line Breaker,431532464,21.00,21.00
23:42  Temora,2,Kath's Chance,2575446555,51.00,51.00
23:42  Temora,3,Moorong Marvel,844176661,7.50,7.50
23:42  Temora,4,Cawbourne Plough,8476518777,71.00,71.00
23:42  Temora,5,Wincey Bale,1411214545,5.00,5.00
23:42  Temora,6,Flash On By,1411222165,3.80,3.80
23:42  Temora,7,Son Of Bianca,1422731111,1.75,1.75
23:42  Temora,8,Lone Shark,7643225221,4.40,4.40
00:04  Temora,1,Dana Mac,1216273318,,
00:04  Temora,2,Westside Thunder,5X63167257,,
00:04  Temora,3,Dana Zena,3634454138,,
00:04  Temora,4,Sly Sticker,8X71885662,,
00:04  Temora,5,Next Of Kin,7551325544,,
00:04  Temora,6,Trixie's Chance,4415751526,,
00:04  Temora,7,Fully Equipped,4551642155,,
00:04  Temora,8,Westside Bullet,6424464162,,
00:22  Temora,1,Run Bindi Run,2324234322,,
00:22  Temora,2,Sycamore Shorty,215432337,,
00:22  Temora,3,Rivia Zoro,21416X3133,,
00:22  Temora,4,Blue Jezebel,2744854364,,
00:22  Temora,5,Roto Road,4464637361,,
00:22  Temora,6,Ledger's Desire,1,,
00:22  Temora,7,Zipping Kimmich,622663345X,,
00:22  Temora,8,Faithful Flyer,3735635653,,
00:37  Temora,1,Leg It Lucy,225144,,
00:37  Temora,2,Sycamore Miss,24X5443436,,
00:37  Temora,3,Sycamore Belle,66X4735327,,
00:37  Temora,4,Silent Minute,4343321,,
00:37  Temora,5,Tiny Mac,265361353,,
00:37  Temora,6,Aston Zelda,473175433,,
00:37  Temora,7,Swanky Lemon,53172,,
00:37  Temora,8,Fire Up Ellwood,2762252521,,
23:15  Bendigo,2,No Brakes,82638,,
23:15  Bendigo,3,Autumn Angel,5483X53474,,
23:15  Bendigo,4,Greysynd Cruiser,566577X583,,
23:15  Bendigo,5,Dodging Shadows,4774534,,
23:15  Bendigo,6,Dance Lady Dance,674325,,
23:15  Bendigo,7,Texas Cowgirl,574586,,
23:15  Bendigo,8,Sir Trenton,47,,
23:15  Bendigo,1,Moraine Sara,6735,,
23:15  Bendigo,2,Sinaloa Icon,5675476745,,
23:15  Bendigo,3,Trenton's Empire,55,,
23:15  Bendigo,4,Hesket Hornet,6856553,,
23:15  Bendigo,5,Darra Might,828X67866,,
23:15  Bendigo,6,He's With Me,4877676365,,
23:15  Bendigo,7,Urana Radiant,64554,,
23:15  Bendigo,8,Gunai Maverick,8658347552,,
23:15  Bendigo,1,Racey Stacey,341865236,,
23:15  Bendigo,2,Zinzan Cian,1776226534,,
23:15  Bendigo,3,Intrigue,2431545377,,
23:15  Bendigo,4,Atomic Diva,3772133647,,
23:15  Bendigo,5,Thorny Devil,621X,,
23:15  Bendigo,6,Pitman Go Well,4633216438,,
23:15  Bendigo,8,Copperhead Dash,7562734583,,
23:15  Bendigo,7,Little Marra,,,
00:14  Bendigo,1,Cross Locks,163614544,,
00:14  Bendigo,2,Chill Out Roy,8666668718,,
00:14  Bendigo,3,Zinzan Holly,7584486667,,
00:14  Bendigo,4,Spark Lightning,8457646673,,
00:14  Bendigo,5,Bold Dazzler,7754664486,,
00:14  Bendigo,6,Ethanol Vision,7565633153,,
00:14  Bendigo,7,Morning Daisy,5561331635,,
00:14  Bendigo,8,Wonderful Girl,322876677X,,
00:14  Bendigo,1,Grannie May,6454664475,,
00:14  Bendigo,2,Blue Tick Nelson,5271575734,,
00:14  Bendigo,3,Zapatron,5372637866,,
00:14  Bendigo,4,Slinger,7758388335,,
00:14  Bendigo,5,Elara Bale,6165687475,,
00:14  Bendigo,6,Craig Keeping,X267627473,,
00:14  Bendigo,7,Tiger Shark,4565674538,,
00:14  Bendigo,8,Hello Cooper,6335687266,,
00:14  Bendigo,1,Rocket Susie,7642544586,,
00:14  Bendigo,2,Ace Redeemer,5236361537,,
00:14  Bendigo,3,Zero Monster,3455475538,,
00:14  Bendigo,4,Certain Magic,8136425448,,
00:14  Bendigo,5,Perfect Liam,4571346663,,
00:14  Bendigo,6,Zipping Swazi,6445366252,,
00:14  Bendigo,7,Western Feel,7877335186,,
00:14  Bendigo,8,Luna Beauty,,,
01:04  Bendigo,1,Dark Miracle,5534446626,,
01:04  Bendigo,2,Cousin Johnny,1672652,,
01:04  Bendigo,3,Moon Walk,4566371722,,
01:04  Bendigo,4,Steal The Show,5644564645,,
01:04  Bendigo,6,Monaleen Hugh,1555225725,,
01:04  Bendigo,7,Shoot The Breeze,1258523442,,
01:04  Bendigo,8,White Hawk,X5X17143X,,
01:24  Bendigo,1,As You Were,2764766618,,
01:24  Bendigo,2,Akela Young,8862777645,,
01:24  Bendigo,3,Mcivor Jewels,841587525,,
01:24  Bendigo,4,Elsa Jay,7324763545,,
01:24  Bendigo,5,Leave Me In,2346447674,,
01:24  Bendigo,6,Mcivor Alfy,3472768327,,
01:24  Bendigo,7,Gold Venom,8628742277,,
01:24  Bendigo,8,Another Fifty,7571777784,,
01:24  Bendigo,1,Julea Ruslie,6784753354,,
01:24  Bendigo,2,Go Fish,7347437182,,
01:24  Bendigo,3,Paw Kestell,5437537656,,
01:24  Bendigo,4,Darra Mick,768318862,,
01:24  Bendigo,5,Belly Rubs,85241,,
01:24  Bendigo,6,Berringa Black,6453715466,,
01:24  Bendigo,7,Jooper,7477247844,,
01:24  Bendigo,8,Reckless Crime,467217,,
01:24  Bendigo,1,Wellerman,1152536585,,
01:24  Bendigo,2,Collinda Pearl,8753834335,,
01:24  Bendigo,3,Special Players,5676431354,,
01:24  Bendigo,4,Black Prestige,4578335442,,
01:24  Bendigo,5,Urana Whirlwind,8372145246,,
01:24  Bendigo,6,King Plum,5221757276,,
01:24  Bendigo,7,My Compass,5552226755,,
01:24  Bendigo,8,Coconut Oakland,6363367423,,
01:24  Bendigo,1,Smokin' Gracie,6345268732,,
01:24  Bendigo,2,Flyin' Ethics,174761814,,
01:24  Bendigo,3,Rolling Coal,7455324275,,
01:24  Bendigo,4,Bone Shaker,436224261,,
01:24  Bendigo,5,Raven Force,252551788,,
01:24  Bendigo,6,Hot Rocker,8X77624128,,
01:24  Bendigo,7,Ambani,1716448766,,
01:24  Bendigo,8,Tornado Jack,5164144626,,
01:24  Bendigo,1,Stella Rose,6244415586,,
01:24  Bendigo,2,Argyle Emma,7351528557,,
01:24  Bendigo,3,Borough Bound,7857537247,,
01:24  Bendigo,4,Tonic's Girl,36138X7767,,
01:24  Bendigo,5,Salmon Spray,4126545541,,
01:24  Bendigo,6,Beast Power,7182345546,,
01:24  Bendigo,8,Boulder Dash,1837452776,,
01:24  Bendigo,7,Kurraca Jinnie,,,
02:57  Bendigo,1,Intercept Queen,8674362555,,
02:57  Bendigo,2,She's Iconic,7737886778,,
02:57  Bendigo,3,Like A Blaze,6677764652,,
02:57  Bendigo,4,Perfect Revenge,5767857355,,
02:57  Bendigo,5,Lektra Nick,6586786678,,
02:57  Bendigo,6,Sabatini,116668663,,
02:57  Bendigo,7,Rocket Ralph,78X68X7875,,
02:57  Bendigo,8,Rich Flex,,,
00:07  Gunnedah,2,Snooping,4622271352,,
00:07  Gunnedah,4,Motor City Tig,4453735536,,
00:07  Gunnedah,5,Zipping Frida,3637424856,,
00:07  Gunnedah,7,Time To Crank,554557X271,,
00:07  Gunnedah,8,Wreck It Rex,4364763123,,
00:25  Gunnedah,1,Alipio Blue,65466,,
00:25  Gunnedah,2,Wolf Rock,67X5485773,,
00:25  Gunnedah,3,Blue Hills,546245,,
00:25  Gunnedah,4,All About Piper,852233236,,
00:25  Gunnedah,5,Scootin' Scooby,242,,
00:25  Gunnedah,6,Flying Tango,,,
00:25  Gunnedah,8,Greysynd Gina,5223666424,,
00:42  Gunnedah,1,Five Mile Rose,151213522,,
00:42  Gunnedah,2,Rock Artist,2271344X27,,
00:42  Gunnedah,3,Steel Boots,1446614648,,
00:42  Gunnedah,4,Karinya Mick,5585865623,,
00:42  Gunnedah,5,Betty Bush,1137312351,,
00:42  Gunnedah,6,Rocky Banner,8578176422,,
00:42  Gunnedah,7,Levings,2747337331,,
00:42  Gunnedah,8,Ballina,1242534865,,
01:00  Gunnedah,1,His Fernando,2237131411,,
01:00  Gunnedah,2,Fancy Chick,1246225366,,
01:00  Gunnedah,3,Limbunya,532561X527,,
01:00  Gunnedah,4,Ash Tray Change,7372261732,,
01:00  Gunnedah,5,Cash Run,4312756416,,
01:00  Gunnedah,6,Stilton Evie,141511761,,
01:00  Gunnedah,7,Sweet Bevely Ann,42738X3375,,
01:00  Gunnedah,8,Bandit Bugsy,8832216117,,
01:17  Gunnedah,1,Bin Night,8756515628,,
01:17  Gunnedah,2,Merger,5711142246,,
01:17  Gunnedah,3,Snidely Whiplash,5553114755,,
01:17  Gunnedah,4,Lumeah Ziggy,2474542512,,
01:17  Gunnedah,5,Midnight Hazard,6625643575,,
01:17  Gunnedah,6,Genuine Article,2223674313,,
01:17  Gunnedah,7,Robbie's Power,3562531665,,
01:17  Gunnedah,8,Imperial Audrey,2213752357,,
01:35  Gunnedah,1,Ebb And Flow,5835137,,
01:35  Gunnedah,2,Quick Edition,7237644233,,
01:35  Gunnedah,3,Shearwater Inn,3845616354,,
01:35  Gunnedah,4,Sketchy Sister,5122253638,,
01:35  Gunnedah,5,Quite Promising,546X843514,,
01:35  Gunnedah,6,Split 'Em,376853754,,
01:35  Gunnedah,7,Gold Miner,136,,
01:35  Gunnedah,8,Sketchy Stories,817773385,,
01:52  Gunnedah,1,Mortar,5125228718,,
01:52  Gunnedah,2,Tractor Sam,6211862,,
01:52  Gunnedah,3,Charge The Card,3215347112,,
01:52  Gunnedah,4,Settle,4121112753,,
01:52  Gunnedah,5,Marvellous Mel,2763341626,,
01:52  Gunnedah,6,Jungle Tiger,418723353X,,
01:52  Gunnedah,7,I'm Cheeky,4277765274,,
01:52  Gunnedah,8,Lumeah Poppy,4766355424,,
02:10  Gunnedah,1,Cowboy Carter,447411,,
02:10  Gunnedah,2,Mulwee Maudie,7433737475,,
02:10  Gunnedah,3,Raven Nighthawk,6X27X16X2X,,
02:10  Gunnedah,4,Unpublish Rhyme,1527424122,,
02:10  Gunnedah,5,One Number Away,7852335835,,
02:10  Gunnedah,6,Di's An Angel,5414188252,,
02:10  Gunnedah,7,Lumeah Taylor,846548731,,
02:10  Gunnedah,8,Zulu May,38X6X76146,,
02:31  Gunnedah,1,Moonshine Man,6586454366,,
02:31  Gunnedah,2,Dam Panama,5613247862,,
02:31  Gunnedah,3,Peyton's Wish,7218487583,,
02:31  Gunnedah,4,Jamaica Rum,6136642288,,
02:31  Gunnedah,5,Toni Fiesta,4427457572,,
02:31  Gunnedah,6,Barack Express,6344334756,,
02:31  Gunnedah,7,Set To Dance,7867158265,,
02:31  Gunnedah,8,Bear Man,3214762513,,
02:50  Gunnedah,1,Watch The Speed,5685783742,,
02:50  Gunnedah,2,Snowfest,7817521815,,
02:50  Gunnedah,3,Royman,264531881,,
02:50  Gunnedah,4,Django Riggs,4616635856,,
02:50  Gunnedah,5,Big Del,7727774841,,
02:50  Gunnedah,6,Chana Bomb,6153367677,,
02:50  Gunnedah,7,Vitality Blast,2347528X28,,
02:50  Gunnedah,8,Zara Go On,5427675643,,
03:11  Gunnedah,1,Walk The Talk,1151144267,,
03:11  Gunnedah,2,Buddy Mac,4813838X37,,
03:11  Gunnedah,3,Solicitor,6266535231,,
03:11  Gunnedah,4,Evie's Promise,4711684738,,
03:11  Gunnedah,5,Final Countdown,56676X7756,,
03:11  Gunnedah,6,Spirit Chana,4122153687,,
03:11  Gunnedah,7,Salamat,3X22225112,,
03:11  Gunnedah,8,Hip Drop,1654731664,,
03:28  Gunnedah,1,Little Miss Ando,5181675771,,
03:28  Gunnedah,2,Ava's Milo,1531152141,,
03:28  Gunnedah,3,Damaged Panel,7416185X85,,
03:28  Gunnedah,4,Audition Day,14111,,
03:28  Gunnedah,5,Lidcombe Babe,2675734125,,
03:28  Gunnedah,6,Swift Sharon,8557544786,,
03:28  Gunnedah,7,Northern Tiger,5254312877,,
03:28  Gunnedah,8,Corbert's Girl,8687615447,,
00:17  Q1 Lakeside,2,He's Paranormal,,,
00:17  Q1 Lakeside,4,Alone Time,446X76266,,
00:17  Q1 Lakeside,5,Butternut Queen,46,,
00:17  Q1 Lakeside,6,Piper's Twist,,,
00:17  Q1 Lakeside,8,Mickey Will,334,,
00:32  Q1 Lakeside,1,Goldstar Chanel,6,,
00:32  Q1 Lakeside,2,Ripple Linger,3654262,,
00:32  Q1 Lakeside,3,Galway Bay,6227,,
00:32  Q1 Lakeside,4,Wonder Stratus,,,
00:32  Q1 Lakeside,6,Humpty Hugh,,,
00:32  Q1 Lakeside,8,Red Hot Twist,5,,
00:52  Q1 Lakeside,1,Immovable Force,82526532,,
00:52  Q1 Lakeside,2,Motorhead,,,
00:52  Q1 Lakeside,4,Grandiose Girl,38,,
00:52  Q1 Lakeside,5,Clear Breeze,8X667376,,
00:52  Q1 Lakeside,6,Elite Energy,5,,
00:52  Q1 Lakeside,7,Tequila Ripple,4287,,
00:52  Q1 Lakeside,8,Federal Joker,673463,,
01:07  Q1 Lakeside,1,Sirius Melita,6358,,
01:07  Q1 Lakeside,2,Boom Boy,,,
01:07  Q1 Lakeside,4,Rolling Rocker,,,
01:07  Q1 Lakeside,6,Burnt Angeline,2X536,,
01:07  Q1 Lakeside,7,Sundowner Stop,3684688826,,
01:07  Q1 Lakeside,8,Scotch And Bye,,,
01:27  Q1 Lakeside,1,Nature Nose,5571314548,,
01:27  Q1 Lakeside,2,Pocket Banfield,5683731242,,
01:27  Q1 Lakeside,3,Whiskey Power,5565345354,,
01:27  Q1 Lakeside,4,Farmor Envy,2136555858,,
01:27  Q1 Lakeside,5,Sirius Suzie,6242144537,,
01:27  Q1 Lakeside,6,Where's My Car,3736544X66,,
01:27  Q1 Lakeside,7,No Need,1232338184,,
01:27  Q1 Lakeside,8,End Of Era,83368X7575,,
01:42  Q1 Lakeside,1,Flying Jilliby,1716272368,,
01:42  Q1 Lakeside,2,Tea Sea Gem,718X265855,,
01:42  Q1 Lakeside,3,Smooth Panther,2113126152,,
01:42  Q1 Lakeside,4,Tuta Queen,5656243686,,
01:42  Q1 Lakeside,5,Just Like Nu,X525321327,,
01:42  Q1 Lakeside,6,Let Jill Rip,4453282218,,
01:42  Q1 Lakeside,7,Spring Tara,8285712717,,
01:42  Q1 Lakeside,8,Mitchell's Lass,3313371686,,
02:02  Q1 Lakeside,1,Scrub's Rocket,1341222272,,
02:02  Q1 Lakeside,2,Hope's Zone,7335122113,,
02:02  Q1 Lakeside,3,Out Of Austrian,5321213441,,
02:02  Q1 Lakeside,4,Easy To See,7283188716,,
02:02  Q1 Lakeside,5,Goldstar Summer,5224723616,,
02:02  Q1 Lakeside,6,Dark Photon,5417165485,,
02:02  Q1 Lakeside,7,Brunswick Dream,2611721351,,
02:02  Q1 Lakeside,8,Tuta Pebbles,4234214313,,
02:24  Q1 Lakeside,1,Aim High,3144667631,,
02:24  Q1 Lakeside,2,Bella Outlaw,3217562522,,
02:24  Q1 Lakeside,3,Valeena Boy,1166353722,,
02:24  Q1 Lakeside,5,Cake Is Yummy,2216681361,,
02:24  Q1 Lakeside,6,Rolling Royalty,7134614261,,
02:24  Q1 Lakeside,7,Miles On It,2768113142,,
02:24  Q1 Lakeside,8,Methanol Outlaw,2813132212,,
02:24  Q1 Lakeside,4,Miss Shylock,,,
02:42  Q1 Lakeside,1,Disco Ethics,213183337,,
02:42  Q1 Lakeside,2,She's A Bullet,1223233233,,
02:42  Q1 Lakeside,3,Getaway Gherkin,4411478688,,
02:42  Q1 Lakeside,4,She's Tip Top,4113263542,,
02:42  Q1 Lakeside,5,It's Time Lionel,8322614456,,
02:42  Q1 Lakeside,6,Goldstar Harmony,6732563243,,
02:42  Q1 Lakeside,7,Finest Cut,3132352384,,
02:42  Q1 Lakeside,8,Gracie's Myth,13276327X3,,
03:04  Q1 Lakeside,1,Sarilda,3443371514,,
03:04  Q1 Lakeside,2,Pure Athlete,3673163845,,
03:04  Q1 Lakeside,3,Brother Ronny,2721356215,,
03:04  Q1 Lakeside,4,Philly Special,5778437317,,
03:04  Q1 Lakeside,5,Supreme Choice,4113857336,,
03:04  Q1 Lakeside,6,Where's The Bomb,1232X21233,,
03:04  Q1 Lakeside,7,Basil Fawlty,6613354187,,
03:04  Q1 Lakeside,8,Bad Not Mad,5415534334,,
03:25  Q1 Lakeside,1,Pennant Player,5845176346,,
03:25  Q1 Lakeside,2,Colonel's Ranger,221151,,
03:25  Q1 Lakeside,3,Son Of Bob,1662748357,,
03:25  Q1 Lakeside,4,Ray's Attack,3121,,
03:25  Q1 Lakeside,5,Majestic One,1545258835,,
03:25  Q1 Lakeside,6,Lavana Lee,2415342254,,
03:25  Q1 Lakeside,7,Bizzaro Boy,81451,,
03:25  Q1 Lakeside,8,Noaki Star,1643373316,,
03:49  Q1 Lakeside,1,Murgon Mustang,764X334715,,
03:49  Q1 Lakeside,2,Wild Taurean,8885158278,,
03:49  Q1 Lakeside,3,Goldstar Declan,X743442368,,
03:49  Q1 Lakeside,4,Power Up Annie,6345774151,,
03:49  Q1 Lakeside,5,Grace Is Ace,8564654154,,
03:49  Q1 Lakeside,6,Secret Blend,3334237526,,
03:49  Q1 Lakeside,7,Isa Belle,36613525X7,,
03:49  Q1 Lakeside,8,It's The Ziggy,4225222422,,
03:18  Ballarat,4,Toowoomba Willy,37744X3,,
03:18  Ballarat,5,Irish Carla,,,
03:18  Ballarat,8,On Song Turner,6,,
03:35  Ballarat,1,Hara Hachi Bu,26,,
03:35  Ballarat,2,Paw Estrella,6533234,,
03:35  Ballarat,4,Zali Zoom,51253,,
03:35  Ballarat,5,Zippy Fish,2,,
03:35  Ballarat,8,Oh Biscuit,24,,
03:35  Ballarat,7,Indy Grant,,,
03:58  Ballarat,1,Zipping Beluga,5644,,
03:58  Ballarat,2,Zipping Migaloo,83,,
03:58  Ballarat,4,Zipping Orca,455,,
03:58  Ballarat,6,Zipping Norris,344,,
03:58  Ballarat,8,Aston Trust,1537424,,
04:18  Ballarat,1,Smooth Plane,7714423143,,
04:18  Ballarat,2,Aston Michigan,4684525434,,
04:18  Ballarat,4,Paw Ollie,5616416616,,
04:18  Ballarat,6,Voss Ali,1X8627X666,,
04:18  Ballarat,8,Fast Knockdown,6235352135,,
04:40  Ballarat,1,Delatite Beast,2616266161,,
04:40  Ballarat,2,Paw Enna,4121176615,,
04:40  Ballarat,3,James's Entity,3513761127,,
04:40  Ballarat,4,Aston Warrior,4175341224,,
04:40  Ballarat,6,Cash The Lot,4411263756,,
04:40  Ballarat,7,Federal Player,13713221,,
04:40  Ballarat,8,Goosebumps Rico,3612821836,,
04:58  Ballarat,1,Pyrenees Ace,3584523357,,
04:58  Ballarat,2,Mac And Cheese,5851463538,,
04:58  Ballarat,3,Rabada,7265346237,,
04:58  Ballarat,4,How Amazing,6315444155,,
04:58  Ballarat,6,Eco Bale,1248453667,,
04:58  Ballarat,7,Pegasus Bale,135446366,,
04:58  Ballarat,8,Jaded Smile,4X43822531,,
05:18  Ballarat,1,Phineas Nigellus,446817,,
05:18  Ballarat,2,Phoenix Red,586526,,
05:18  Ballarat,3,Buster Bourbski,2635475247,,
05:18  Ballarat,4,Caco Missile,1772,,
05:18  Ballarat,5,Miner Mick,26,,
05:18  Ballarat,6,Dark Arts,4562214,,
05:18  Ballarat,8,Smooth Blast,34237515X2,,
05:18  Ballarat,7,Vista Exam,,,
05:38  Ballarat,1,Rhea Riptide,5223218282,,
05:38  Ballarat,2,Cliff The Boss,2214221211,,
05:38  Ballarat,3,Paw Vada,6244364543,,
05:38  Ballarat,4,Wearing Levis,3347747363,,
05:38  Ballarat,5,Valletta Moon,5171151731,,
05:38  Ballarat,6,Major Allen,8478131344,,
05:38  Ballarat,7,Paw Uella,8514453522,,
05:38  Ballarat,8,Uncle Mikey,242215624,,
05:58  Ballarat,1,Rapidfire Jayda,4134545511,,
05:58  Ballarat,2,Moonlight River,5114724123,,
05:58  Ballarat,4,Just Got Paid,3617276165,,
05:58  Ballarat,6,Perfect Tonight,4252115683,,
05:58  Ballarat,8,White Shiraz,5454322328,,
06:17  Ballarat,1,Fled The Scene,2144211621,,
06:17  Ballarat,2,Mavis Tolmie,2532457534,,
06:17  Ballarat,4,Perfect Ace,1253143362,,
06:17  Ballarat,5,Paw Xena,5153465311,,
06:17  Ballarat,7,Sizzle Jack,14X3372613,,
06:17  Ballarat,8,No Restrictions,25X6123211,,
06:40  Ballarat,1,Dubrow,1112582652,,
06:40  Ballarat,2,Derogative,4432348153,,
06:40  Ballarat,4,Delicious,5611514864,,
06:40  Ballarat,5,Shima Seal,152453375,,
06:40  Ballarat,7,Bandit Chloe,411342335,,
06:40  Ballarat,8,Panadero Ruby,6213416522,,
06:59  Ballarat,1,Forbes Lightning,2176723633,,
06:59  Ballarat,2,Pyrenees Pizazz,3355641441,,
06:59  Ballarat,4,Paw Maddox,3243134277,,
06:59  Ballarat,5,Highway Hooligan,3365162123,,
06:59  Ballarat,7,Off The Beer,5531213433,,
06:59  Ballarat,8,Birdhill Ned,3151314143,,
07:17  Ballarat,1,Paw Mantra,1213X41375,,
07:17  Ballarat,2,Bourbon Bullet,6522145334,,
07:17  Ballarat,4,Dragonelle,1273655121,,
07:17  Ballarat,5,Speedy Easy,8337174117,,
07:17  Ballarat,7,Royal Rupee,111561,,
07:17  Ballarat,8,Augustus Finch,1141X11117,,
03:43  The Meadows,2,Greedy Butcher,42,,
03:43  The Meadows,4,Rocky Planet,,,
03:43  The Meadows,7,Ironic,43335,,
03:43  The Meadows,8,Aston Millicent,23,,
04:07  The Meadows,1,Weblec Snip,27441,,
04:07  The Meadows,2,Weblec Beau,142323652,,
04:07  The Meadows,3,Archer Sweet,2127452254,,
04:07  The Meadows,4,Weblec Max,716356,,
04:07  The Meadows,5,Lightning Quick,5162,,
04:07  The Meadows,6,Zorro Devere,2X54516,,
04:07  The Meadows,7,Fast Reply,3421236732,,
04:07  The Meadows,8,Reprieval,21654,,
04:07  The Meadows,1,Canya Terry,341X716232,,
04:07  The Meadows,2,Triggerfish,4534211272,,
04:07  The Meadows,4,Lilly Loud Mouth,7X11325178,,
04:07  The Meadows,5,Bush Big Show,2667711431,,
04:07  The Meadows,7,Weaponry,51413,,
04:07  The Meadows,8,Weblec Pepper,715834431,,
04:49  The Meadows,1,Star Of Venus,6421455341,,
04:49  The Meadows,2,Dad's Jam Donut,3444346525,,
04:49  The Meadows,3,Edward Nigma,1325526548,,
04:49  The Meadows,4,Nicky's Secret,3731317447,,
04:49  The Meadows,6,Winning Steps,1846328543,,
04:49  The Meadows,7,Remi Joy,3433213486,,
04:49  The Meadows,8,Bush Lass,4434135311,,
05:08  The Meadows,1,Giacomo,4111156132,,
05:08  The Meadows,2,Paw Fabian,8677236236,,
05:08  The Meadows,3,Paw Gordy,1177625622,,
05:08  The Meadows,6,Motion Sensor,3521451337,,
05:08  The Meadows,7,Galento,5232154146,,
05:08  The Meadows,8,Paw Vince,5334534758,,
05:08  The Meadows,4,Greysynd Sammy,,,
05:28  The Meadows,1,Turn The Tide,3316232221,,
05:28  The Meadows,2,Mister Manfredi,6337452244,,
05:28  The Meadows,3,Luna's Girl,3574344511,,
05:28  The Meadows,4,Utter Madness,6711611432,,
05:28  The Meadows,5,Outsides,2136444784,,
05:28  The Meadows,6,Glowing Ethics,7464335142,,
05:28  The Meadows,7,Lady Ness,5524234123,,
05:28  The Meadows,8,Aston Barton,1144136152,,
05:28  The Meadows,1,Chicken Fish,4513455523,,
05:28  The Meadows,2,Harvey Intention,3664623415,,
05:28  The Meadows,3,Canya Adira,4673211615,,
05:28  The Meadows,4,Paw Ucolta,5557554254,,
05:28  The Meadows,5,Auntie Amber,7425173126,,
05:28  The Meadows,6,Tawny Tears,24418X3616,,
05:28  The Meadows,7,Starfire Tears,5711211315,,
05:28  The Meadows,8,Lady Breanna,2611X64662,,
05:28  The Meadows,1,Mia Neo,645245X134,,
05:28  The Meadows,2,Gunai Daisy,6344336465,,
05:28  The Meadows,3,Lamp Post,8233321337,,
05:28  The Meadows,4,Trumpet Tears,23126134,,
05:28  The Meadows,5,Regal Barry,4612423451,,
05:28  The Meadows,6,Valenzuela,3523232334,,
05:28  The Meadows,7,Hurricane Bert,8635754213,,
05:28  The Meadows,8,Vital Step,2454516465,,
05:28  The Meadows,1,Sir Whip,6241812564,,
05:28  The Meadows,2,Trendy Tommy,6216246151,,
05:28  The Meadows,3,Blue Cabang,1164121255,,
05:28  The Meadows,4,Aussie Fred,2523253476,,
05:28  The Meadows,6,Navy Blue Buzz,6373525142,,
05:28  The Meadows,7,Paw Rival,2766421127,,
05:28  The Meadows,8,Paw Maud,3234147227,,
06:50  The Meadows,1,Insane,2513631653,,
06:50  The Meadows,2,Kid Luck,1126261227,,
06:50  The Meadows,3,Almost Imminent,3765134451,,
06:50  The Meadows,4,Paw Nebraska,2732846221,,
06:50  The Meadows,6,Savannah Star,6872136446,,
06:50  The Meadows,7,Only Easy,687426513,,
06:50  The Meadows,8,Aston Allure,5244355113,,
07:08  The Meadows,1,In A Bit,6651714848,,
07:08  The Meadows,2,Theo's Dim Sim,1232421458,,
07:08  The Meadows,3,My Opie,1316751844,,
07:08  The Meadows,4,Paw Helion,7744152565,,
07:08  The Meadows,5,Fancy Freda,751X13136X,,
07:08  The Meadows,6,Trespassing,6652516717,,
07:08  The Meadows,7,Scott Me,1223844225,,
07:08  The Meadows,8,Laura May,135163725,,
07:08  The Meadows,1,Secret Emgrand,7754476252,,
07:08  The Meadows,2,Sweet Begonia,7477418254,,
07:08  The Meadows,3,Lyon Bale,7624866563,,
07:08  The Meadows,4,Little Minnie,2387248544,,
07:08  The Meadows,5,Senses Fail,3375586662,,
07:08  The Meadows,6,Hurricane Mist,8725344732,,
07:08  The Meadows,7,Obstropalous,8776272541,,
07:08  The Meadows,8,Represent,44246X4666,,
03:52  Taree,2,Lost Compass,632255,,
03:52  Taree,3,Whiskey Agogo,55633,,
03:52  Taree,4,Egyptian Queen,22,,
03:52  Taree,5,Elf Magic,446X2,,
03:52  Taree,6,Blocker Perry,53,,
03:52  Taree,7,Pouring Rain,42752,,
03:52  Taree,8,Golden Pharaoh,,,
04:10  Taree,1,She's A Bumpy,6452131362,,
04:10  Taree,2,Tina Be Good,138X684218,,
04:10  Taree,4,Giggling Dixie,1137155147,,
04:10  Taree,5,Twelve Men,6574261126,,
04:10  Taree,7,Coin Counter,8272173233,,
04:10  Taree,8,Good Pub Feed,6553235334,,
04:34  Taree,1,Starlight Duke,8822322152,,
04:34  Taree,2,Colin Keeping,136X157461,,
04:34  Taree,3,Frank Chana,1624452872,,
04:34  Taree,4,Not A Boodie,5264373413,,
04:34  Taree,5,Blue Majestic,2365164242,,
04:34  Taree,6,Family Crest,251114X54,,
04:34  Taree,7,Nabiac Jack,2223262351,,
04:34  Taree,8,Semtex,2244114541,,
04:54  Taree,1,Bentley Elsa,3272355452,,
04:54  Taree,2,Ocean's Pearl,12,,
04:54  Taree,3,Boots And All,77X71668X7,,
04:54  Taree,4,Cyclone Sebas,415231,,
04:54  Taree,5,Ella Black,2642256122,,
04:54  Taree,6,Reel'em Oreo,251158373,,
04:54  Taree,7,Pop's Big Guy,1,,
04:54  Taree,8,Pirate Riot,1,,
05:14  Taree,1,Lenny Keeping,578X721426,,
05:14  Taree,2,Let's Trot Will,7276261342,,
05:14  Taree,3,Majestic Fred,4582813171,,
05:14  Taree,4,Extra Voltage,211,,
05:14  Taree,5,Barefoot Gypsy,3368771782,,
05:14  Taree,6,Al Can Do,2741856813,,
05:14  Taree,7,Reel 'Em Zena,4543887462,,
05:14  Taree,8,Girl Rolex,7487X81543,,
05:34  Taree,1,Witch Rolex,3463212574,,
05:34  Taree,2,Boss Confetti,5313,,
05:34  Taree,4,Lornett Swift,7435133785,,
05:34  Taree,5,Island Princess,5244528642,,
05:34  Taree,7,Cold Cold Night,5535385521,,
05:34  Taree,8,Burst On Turbo,6133X5X565,,
05:54  Taree,1,Nan's Me Barber,3545132453,,
05:54  Taree,2,Sunshine Rhonda,48415161,,
05:54  Taree,3,Oxley Flyer,1673666645,,
05:54  Taree,4,All Out Fire,3222475226,,
05:54  Taree,6,Snacks,4244328423,,
05:54  Taree,7,Simplicity Magic,2412112,,
05:54  Taree,8,Last Shot Ripper,3234233783,,
06:14  Taree,1,Major Flirt,4516721537,,
06:14  Taree,2,Out The Will,6343214462,,
06:14  Taree,3,Black Book It,21X1168X15,,
06:14  Taree,4,Flying Goddess,4438815435,,
06:14  Taree,5,Lottie Ellie,6634372774,,
06:14  Taree,6,Kiarni Phantom,5433621165,,
06:14  Taree,7,Past Tense,8141211545,,
06:14  Taree,8,Kiarni Bad Girl,3314281122,,
06:37  Taree,1,Sunset Panama,X454245124,,
06:37  Taree,2,Let's Go Luke,3121414425,,
06:37  Taree,3,Reel'em George,2413323321,,
06:37  Taree,4,Dynamic Rebel,3313876533,,
06:37  Taree,5,Wonder Kid,7137433742,,
06:37  Taree,6,No Shares,6314151675,,
06:37  Taree,7,Overriding,2226242614,,
06:37  Taree,8,Katie's Quick,2381686156,,
06:56  Taree,1,Reel 'Em Sissy,1666515175,,
06:56  Taree,2,Wally Wombat,4367646766,,
06:56  Taree,3,Aston President,6548446112,,
06:56  Taree,4,Majestic Jojo,4524122112,,
06:56  Taree,5,She's Silky,5216264221,,
06:56  Taree,6,Diva's Shine,6563682156,,
06:56  Taree,7,Kiarni Bolt,2361215113,,
06:56  Taree,8,Majestic Tyson,452242174,,
07:14  Taree,1,Anguilliformes,7748261577,,
07:14  Taree,2,Norbert Bale,2467362677,,
07:14  Taree,3,Lucky Bundy,5524567567,,
07:14  Taree,4,Awesome World,343244862,,
07:14  Taree,5,Tralee Paris,365872466,,
07:14  Taree,6,Lady Reign,5556743224,,
07:14  Taree,7,What About Pablo,777668277X,,
07:14  Taree,8,Jet Keen,4656664247,,
07:39  Taree,1,Teeny Tippett,3388448688,,
07:39  Taree,2,It's Not Messi,175285767,,
07:39  Taree,3,Star Unleashed,6885878786,,
07:39  Taree,4,Mazzara,74367386X7,,
07:39  Taree,5,Red Rudolph,5881778885,,
07:39  Taree,6,Kiss Me Quick,6775376778,,
07:39  Taree,7,Zipping Astrid,2253575856,,
07:39  Taree,8,Marvellous Dunn,3686377668,,
03:55  Rockhampton,2,Sunburnt Buffalo,7624535364,,
03:55  Rockhampton,3,Zabdon No Doubt,2222443285,,
03:55  Rockhampton,4,King's Beach,87,,
03:55  Rockhampton,5,Dream House,742223,,
03:55  Rockhampton,6,Urgent Message,7437553442,,
03:55  Rockhampton,7,Emergency Man,3226265,,
03:55  Rockhampton,8,Rosa's Dash,57,,
04:15  Rockhampton,1,That Twitch,,,
04:15  Rockhampton,3,Branigan,7758785566,,
04:15  Rockhampton,4,Clear Blue Sky,,,
04:15  Rockhampton,6,Blackjack Mike,5,,
04:15  Rockhampton,7,Smoke Stack,3565552532,,
04:15  Rockhampton,8,Zabdon Blondie,3436563872,,
04:37  Rockhampton,1,Rocky Burrow,5745343423,,
04:37  Rockhampton,2,Brick,5356654775,,
04:37  Rockhampton,3,Franky Picasso,6143557468,,
04:37  Rockhampton,4,Sorrento Beach,5366676462,,
04:37  Rockhampton,5,Zabdon Justice,123387347,,
04:37  Rockhampton,6,End Of Tunnel,3745173354,,
04:37  Rockhampton,7,Zabdon Is Back,4423546516,,
04:37  Rockhampton,8,Untamed Banter,16476643,,
04:55  Rockhampton,1,Powered By Prado,5487725535,,
04:55  Rockhampton,2,Zabdon Princess,2788837875,,
04:55  Rockhampton,3,Miss Bella Blue,21,,
04:55  Rockhampton,4,Wilma Flintstone,6635365612,,
04:55  Rockhampton,5,Mustang Beach,6434321284,,
04:55  Rockhampton,6,Baytown Floyd,2433325367,,
04:55  Rockhampton,7,Zabdon Skippy,4554261658,,
04:55  Rockhampton,8,Diamantina Pearl,3332751665,,
05:15  Rockhampton,1,Arnie Ferrari,6675431644,,
05:15  Rockhampton,2,Cheesy Easy,1454623466,,
05:15  Rockhampton,3,Paw Quail,8776222243,,
05:15  Rockhampton,4,Exquisite,6167261621,,
05:15  Rockhampton,5,Nuka,521,,
05:15  Rockhampton,6,Bargara Killian,5342145422,,
05:15  Rockhampton,7,Scotch Rocket,2131833612,,
05:15  Rockhampton,8,Riding Solo,1213114126,,
05:15  Rockhampton,1,Bossy Miss Bliss,7621212232,,
05:15  Rockhampton,2,Weblec Whisper,1123455231,,
05:15  Rockhampton,3,Farmor Rogue,38117175X6,,
05:15  Rockhampton,4,Jester Beach,8567615185,,
05:15  Rockhampton,5,Sober Meredith,6161658781,,
05:15  Rockhampton,6,Exploitation,1714127415,,
05:15  Rockhampton,7,Jessie Jet Power,8555118262,,
05:15  Rockhampton,8,Go Go Cambla,5546261221,,
05:15  Rockhampton,1,Ranger Beach,1245447621,,
05:15  Rockhampton,2,Amren,2162346154,,
05:15  Rockhampton,3,Velocity Commit,7111181115,,
05:15  Rockhampton,4,Play Dirty,2211111411,,
05:15  Rockhampton,5,Farmor Left,2361581312,,
05:15  Rockhampton,6,Edgewood,2161142265,,
05:15  Rockhampton,7,Slick Ram,2115413632,,
05:15  Rockhampton,8,Zippity Zeal,3717363115,,
05:15  Rockhampton,2,Farmor Jacuzzis,1111,,
05:15  Rockhampton,3,Dream Design,2112215621,,
05:15  Rockhampton,4,Paw Valentina,4137722113,,
05:15  Rockhampton,5,Unique Ability,1212251142,,
05:15  Rockhampton,6,Bright Side,41133,,
05:15  Rockhampton,7,Awesome Cambla,3443115531,,
05:15  Rockhampton,8,Next Black Jack,11552,,
05:15  Rockhampton,1,Dropping Gears,,,
06:34  Rockhampton,1,Such A Life,6333516764,,
06:34  Rockhampton,2,Tusken Wind,13118,,
06:34  Rockhampton,3,Chapman Beach,6575664324,,
06:34  Rockhampton,4,Aston Hayes,6646267733,,
06:34  Rockhampton,5,Hamiso,8652255341,,
06:34  Rockhampton,6,Barefoot Rogue,2622131253,,
06:34  Rockhampton,8,Miss Etiquette,5873374427,,
06:34  Rockhampton,7,Velocity Smolder,,,
06:53  Rockhampton,1,Sirius Todd,3464324233,,
06:53  Rockhampton,2,Blackjack Bob,3255733457,,
06:53  Rockhampton,3,Cambla Sensei,7343238466,,
06:53  Rockhampton,4,Venetian Blue,5241326576,,
06:53  Rockhampton,5,Sing My Song,1316315,,
06:53  Rockhampton,6,Paw Jolyn,7367643672,,
06:53  Rockhampton,7,Boulder Beach,5242852445,,
06:53  Rockhampton,8,Hacienda Dream,5217221822,,
07:11  Rockhampton,1,Hudson Riverline,4212215,,
07:11  Rockhampton,2,Sunburnt Dawn,2232313816,,
07:11  Rockhampton,3,Suntory Poppy,3323543725,,
07:11  Rockhampton,4,Bev Beach,2816432547,,
07:11  Rockhampton,5,Velocity Radiate,8224211178,,
07:11  Rockhampton,6,How's Warren,1715224554,,
07:11  Rockhampton,7,Regal Wolf,211,,
07:11  Rockhampton,8,Tumbleweeds,6344355543,,
07:35  Rockhampton,1,Farmor Entitled,75447273X3,,
07:35  Rockhampton,2,Cambla Clown,8435312884,,
07:35  Rockhampton,3,Swerve,6125652252,,
07:35  Rockhampton,4,Dynamic One,7542452334,,
07:35  Rockhampton,5,Zipping Parker,5463533345,,
07:35  Rockhampton,6,Kingsbrae Smokey,5455546264,,
07:35  Rockhampton,7,Burrum Betty,6674644742,,
07:35  Rockhampton,8,Zipping Olsen,7647217846,,
04:04  Richmond,2,Tommy's Done,68,,
04:04  Richmond,3,She's The Best,4637764664,,
04:04  Richmond,4,Infuriate,5,,
04:04  Richmond,5,Dawn's Boy,6,,
04:04  Richmond,6,Tap Out Tiffy,8424636542,,
04:04  Richmond,7,Lock Star,683,,
04:04  Richmond,8,Terra May,573665,,
04:28  Richmond,1,Winsome Storm,2,,
04:28  Richmond,2,Winsome Jet,1,,
04:28  Richmond,3,Phoenix Moon,5543852733,,
04:28  Richmond,4,Winsome Rambo,1,,
04:28  Richmond,5,Cash De Oro,21,,
04:28  Richmond,6,Bobby Junior,74X242,,
04:28  Richmond,7,Erina Flash,7226687653,,
04:28  Richmond,8,What's The Story,53545228,,
04:46  Richmond,1,Zipping Ruffian,3426464472,,
04:46  Richmond,2,Market Maverick,13,,
04:46  Richmond,3,Zipping Red Rum,1766532,,
04:46  Richmond,4,Mrs. Buttons,3716357,,
04:46  Richmond,6,Spin Around Blue,633X463332,,
04:46  Richmond,7,Kessler,7535,,
04:46  Richmond,8,Missile Boy,3575245345,,
05:05  Richmond,1,Tap Out Kitty,4754457567,,
05:05  Richmond,2,Test Drive,24X2434261,,
05:05  Richmond,3,Ice Cream Joe,6216,,
05:05  Richmond,4,Dance The Night,4875414765,,
05:05  Richmond,6,Zipping Babe,264817325,,
05:05  Richmond,7,Dreams Come True,7865367,,
05:05  Richmond,8,Cheri Pop,,,
05:25  Richmond,1,Pretty Shy,88X7,,
05:25  Richmond,2,Ferocious Wave,64,,
05:25  Richmond,3,Crawford,44421,,
05:25  Richmond,4,Radetzky March,2214,,
05:25  Richmond,5,Lailai Marama,4455X52674,,
05:25  Richmond,6,Wangaroa Wally,17523,,
05:25  Richmond,7,Zipping Schultz,8533244733,,
05:25  Richmond,8,Zipping Zeyatta,5321333435,,
05:45  Richmond,1,Milo Rules,1164768561,,
05:45  Richmond,2,Near Impossible,11X714774,,
05:45  Richmond,3,She's Our Joy,5177515575,,
05:45  Richmond,4,Minter Shine,718471137X,,
05:45  Richmond,5,Lady Chaos,6228467631,,
05:45  Richmond,6,Miss Cherry,3837557453,,
05:45  Richmond,7,My Friend Bec,123143211,,
05:45  Richmond,8,Surroundings,6873454317,,
06:05  Richmond,1,Cheeky Sloy,5285756683,,
06:05  Richmond,2,Loco Express,3573144738,,
06:05  Richmond,3,Trip Hazard,382234X75X,,
06:05  Richmond,4,Not So Silent,3483252557,,
06:05  Richmond,5,Out Pace,275X54248X,,
06:05  Richmond,6,Simply The Best,2221434461,,
06:05  Richmond,7,Cochise Squaw,513776624,,
06:05  Richmond,8,Fantasia Queen,1524425152,,
06:25  Richmond,1,Hello How Low,164431566,,
06:25  Richmond,2,Buzzing,633735X675,,
06:25  Richmond,3,Jack Jack,11114,,
06:25  Richmond,4,Dire,6253737233,,
06:25  Richmond,6,Calla Otis,4757665764,,
06:25  Richmond,7,Calla Tilly,1462854236,,
06:25  Richmond,8,Big Bernie,655574462,,
06:43  Richmond,1,Three Hundred,87241,,
06:43  Richmond,2,Archer Ten,2534434376,,
06:43  Richmond,3,Stephen Witherap,221522167,,
06:43  Richmond,4,Truly Desire,8336564527,,
06:43  Richmond,5,Run For Dad,3662272674,,
06:43  Richmond,6,Winsome Wanda,12,,
06:43  Richmond,7,Montana Banner,3243586386,,
06:43  Richmond,8,Tap Out Boston,1X535,,
07:02  Richmond,1,Almost,8456376682,,
07:02  Richmond,2,Aussie Jade,1527672653,,
07:02  Richmond,3,Souls On Fire,7214448267,,
07:02  Richmond,4,All The Cash,1648777227,,
07:02  Richmond,5,Cash Chaser,7334426781,,
07:02  Richmond,6,Cold Hard Cash,3263773742,,
07:02  Richmond,7,Sammy My Boy,5115535343,,
07:02  Richmond,8,Cait Rod's Fly,5856142786,,
07:21  Richmond,1,Gengar Wave,4162858214,,
07:21  Richmond,2,Open Road,4746X52655,,
07:21  Richmond,3,Tumby Bay,3466616176,,
07:21  Richmond,4,Bradshaw,4437552547,,
07:21  Richmond,5,Calla Oreo,2323632554,,
07:21  Richmond,7,Tatiana,3156157646,,
07:21  Richmond,8,Emgrand Drive,7752245386,,
07:21  Richmond,6,Live And Free,,,
07:45  Richmond,1,Canya Rapid Fire,6265443454,,
07:45  Richmond,2,Zipping Botham,38X41862,,
07:45  Richmond,3,Tommy's Dawn,714,,
07:45  Richmond,4,Bakerloo Boy,6155233527,,
07:45  Richmond,5,Fantastic Maxine,6776538575,,
07:45  Richmond,6,Nevermore,6175,,
07:45  Richmond,7,New Surprise,2613547233,,
07:45  Richmond,8,Zig Zag Zoey,11474X7573,,
05:41  Cannington,2,Missing Cash,64,,
05:41  Cannington,3,Let Me Bolt,,,
05:41  Cannington,5,Phoebe Keeping,467,,
05:41  Cannington,6,Alison's Mission,543324552,,
05:41  Cannington,7,Penny Pincher,,,
05:57  Cannington,1,Saluting Craig,,,
05:57  Cannington,3,Pickling Pete,6758827673,,
05:57  Cannington,4,Manx Magic,4,,
05:57  Cannington,5,Crenshaw King,47323247,,
05:57  Cannington,6,Queen Jett,8,,
05:57  Cannington,7,Magical Luna,,,
06:15  Cannington,1,Aston Negroni,783427623,,
06:15  Cannington,2,Hum Bug Monelli,4,,
06:15  Cannington,3,Zero Sugar,25636,,
06:15  Cannington,4,On Red Alert,4554,,
06:15  Cannington,5,Iconic Guess,372,,
06:15  Cannington,6,Agassi,,,
06:15  Cannington,8,Aureate,,,
06:31  Cannington,1,Nullarbor Rat,4351236753,,
06:31  Cannington,2,Hoot's Me Mum,1558546477,,
06:31  Cannington,3,Red Ned Gundi,4413517784,,
06:31  Cannington,4,Woodburn Grace,3158586462,,
06:31  Cannington,5,Cootamundra Lad,5263676826,,
06:31  Cannington,6,Trunkey Bling,1328884726,,
06:31  Cannington,7,Bold Vision,7564875878,,
06:31  Cannington,8,Pop's Pocket,5687447755,,
06:47  Cannington,1,Give Me Chills,1X7X,,
06:47  Cannington,2,Holly Can Browse,7632583842,,
06:47  Cannington,3,Space Zoomer,14,,
06:47  Cannington,4,Catch The Feels,13171,,
06:47  Cannington,5,Tamara Keeping,3338147,,
06:47  Cannington,6,Just A Bindi,72224215,,
06:47  Cannington,7,Felon Dave,8356748437,,
06:47  Cannington,8,Jaffa's Monelli,562266231,,
07:05  Cannington,1,Bolt Of Fun,321,,
07:05  Cannington,2,Fearless Cobra,6371465851,,
07:05  Cannington,3,Full Gloss Kwang,4351667363,,
07:05  Cannington,4,Lara Magic,6222147252,,
07:05  Cannington,5,Geordie Lad,7211,,
07:05  Cannington,6,Tiana Banana,1432472352,,
07:05  Cannington,7,Just Must,6785515654,,
07:05  Cannington,8,Bark Lightyear,741,,
07:24  Cannington,1,Sassy Snickers,2126116411,,
07:24  Cannington,2,Predator Gundi,8647811184,,
07:24  Cannington,3,Must Be Speedy,3412164853,,
07:24  Cannington,4,Fletcher Keeping,2225765655,,
07:24  Cannington,5,Liberty Star,4123716782,,
07:24  Cannington,6,Dancing Dennis,8153274122,,
07:24  Cannington,7,Beautiful Babe,8385514463,,
07:24  Cannington,8,Hello Bailey,6153567184,,
07:48  Cannington,1,Tommy The Lion,7532733112,,
07:48  Cannington,2,Holstein,2248377868,,
07:48  Cannington,3,Fast Money,54X6425367,,
07:48  Cannington,4,Career Highlight,21111,,
07:48  Cannington,5,Reina,3573784112,,
07:48  Cannington,6,Outside The Fire,7213685121,,
07:48  Cannington,7,West On Ace,1154465354,,
07:48  Cannington,8,Ponticelli,,,
08:10  Cannington,1,Sunset Amanda,5333621681,,
08:10  Cannington,2,Monteleone,1252523712,,
08:10  Cannington,3,Loki Hook,7544657844,,
08:10  Cannington,4,Intensified,6728734116,,
08:10  Cannington,5,Speedy Deville,4124534361,,
08:10  Cannington,6,Binnaway Oak,1235123733,,
08:10  Cannington,7,Wild Mood,4372623421,,
08:10  Cannington,8,Pint Of Special,1184567821,,
08:27  Cannington,1,Impress Hawkins,1254557161,,
08:27  Cannington,2,Better Call,2325452322,,
08:27  Cannington,4,West On Madge,11116X7X33,,
08:27  Cannington,5,Chef's Dream,2122126231,,
08:27  Cannington,7,Weave The Ring,1285636563,,
08:27  Cannington,8,Burnt Passion,7524217141,,
08:52  Cannington,1,Big Phantom,3183727711,,
08:52  Cannington,2,Cheddar Monelli,2356162533,,
08:52  Cannington,3,Cheers Jax,3242581812,,
08:52  Cannington,4,Golden Handcuffs,7518255216,,
08:52  Cannington,5,Common Chaos,1117247464,,
08:52  Cannington,6,Cake In Tummy,1167754X12,,
08:52  Cannington,7,Send It Tyler,2641621341,,
08:52  Cannington,8,Found The Brake,1653253231,,
09:12  Cannington,1,Glasgow Boy,4124623252,,
09:12  Cannington,2,Cool Ash,8422733562,,
09:12  Cannington,3,Larrgadi,2733147537,,
09:12  Cannington,4,Hugo Gundi,4318777836,,
09:12  Cannington,5,Jacoby Bale,2124543352,,
09:12  Cannington,6,Ballistic Bliss,6243165273,,
09:12  Cannington,7,Gettin' Tipsy,5576577456,,
09:12  Cannington,8,Tori Keeping,1665142434,,
