Race Time,Race Name,Horse Number,Horse Name,Barrier,Jockey,Trainer,Form,Age/Sex,Win Odds,Place Odds,Status
21:33  Doomben,Gallopers Sports Club Mdn Plate,1,Boomshanka,8,Ben E Thompson 58kg,T J Gollan,25X56,3yo F,1.40,1.50,Active
21:33  Doomben,Gallopers Sports Club Mdn Plate,2,Crypto Miss,9,Angela Jones 58kg,R G Lipp,43,3yo F,3.00,3.00,Active
21:33  Doomben,Gallopers Sports Club Mdn Plate,3,I'lltellyoutonight,10,Georgina Cartwright 58kg,Ms O Cairns,8672,3yo F,7.00,6.00,Active
21:33  Doomben,Gallopers Sports Club Mdn Plate,7,Norty Forty,2,Emily Lang (a1.5) 58kg,K R Kemp,2,3yo F,3.00,3.10,Active
21:33  Doomben,Gallopers Sports Club Mdn Plate,8,Ode To Beauty,3,Jake Bayliss 58kg,Ms H Page,44,3yo F,3.20,9.50,Active
21:33  Doomben,Gallopers Sports Club Mdn Plate,9,Pearls In June,5,Luke P Dempsey 58kg,B J Smith,3,3yo F,2.80,1.80,Active
21:33  Doomben,Gallopers Sports Club Mdn Plate,10,Ready For Zion,7,Justin Huxtable 58kg,Chris & Corey Munce,62X59,3yo F,4.60,2.50,Active
21:33  Doomben,Gallopers Sports Club Mdn Plate,11,Shadwell Lane,4,Cejay Graham 58kg,J W Mason,2,3yo F,1.60,1.80,Active
22:08  Doomben,Become A Brc Member Mdn Plate,4,Guardsman,8,Ben E Thompson 58kg,Michael Freedman,8X4,3yo C,1.65,1.10,Active
22:08  Doomben,Become A Brc Member Mdn Plate,5,Kohler Kid,6,Angela Jones 58kg,M J Lakey,2,3yo G,1.75,2.10,Active
22:08  Doomben,Become A Brc Member Mdn Plate,11,Ta La Masca,5,Tiffani Brooker 58kg,Natalie Mccall,7X,3yo G,4.60,2.60,Active
22:08  Doomben,Become A Brc Member Mdn Plate,13,Wootten Hyde,4,Jag Guthmann-Chester 58kg,J W Mason,4,3yo G,1.12,5.50,Active
22:08  Doomben,Become A Brc Member Mdn Plate,14,Bodysnatcher,7,Taylor Marshall 58kg,Jason Edwards,8,3yo G,4.40,4.40,Active
22:08  Doomben,Become A Brc Member Mdn Plate,16,Seveer,1,Cody Collis (a2) 58kg,Michael Nolan,56,3yo G,3.20,1.70,Active
22:08  Doomben,Become A Brc Member Mdn Plate,17,Aspen Cowboy,2,Stacey Callow (a3) 58kg,K R Kemp,67,3yo C,18.00,9.00,Active
22:43  Doomben,Sky Racing Mdn Hcp,2,Puff 'N' Harry,8,Martin Harley 59.5kg,B J Lockwood,53X,4yo G,2.70,5.00,Active
22:43  Doomben,Sky Racing Mdn Hcp,3,Aspire To Win,5,Corey Sutherland (a3) 58.5kg,L J Mayfield-Smith,70X,4yo G,4.40,2.50,Active
22:43  Doomben,Sky Racing Mdn Hcp,6,Some Style,4,Ben E Thompson 58.5kg,T J Gollan,554322X2,4yo M,1.20,1.70,Active
22:43  Doomben,Sky Racing Mdn Hcp,7,Whatsthetimemrwolf,13,Courtney Bellamy (a3) 58kg,B D Bellamy,704,4yo G,18.00,4.00,Active
22:43  Doomben,Sky Racing Mdn Hcp,8,Jam Packed,3,Brandon Lerena 57.5kg,Michael Morrison,53X,5yo M,91.00,5.00,Active
22:43  Doomben,Sky Racing Mdn Hcp,9,Margot's Deel,6,Cejay Graham 57.5kg,Jason Edwards,65X,4yo M,2.80,5.00,Active
22:43  Doomben,Sky Racing Mdn Hcp,11,Parisienne Piper,9,Jake Bayliss 56.5kg,B K Wakefield,0X73430X2,4yo M,4.00,20.00,Active
22:43  Doomben,Sky Racing Mdn Hcp,12,Moana Gold,7,Jag Guthmann-Chester 56kg,Matthew Hoysted,5X454,4yo M,2.25,5.00,Active
22:43  Doomben,Sky Racing Mdn Hcp,13,She Can Soar,14,Heavelon Van Der Hoven 55.5kg,K M Schweida,7X,3yo F,5.50,3.20,Active
22:43  Doomben,Sky Racing Mdn Hcp,14,Our Jewel,12,Angela Jones 54.5kg,Tony & Maddysen Sears,58X355433,4yo M,2.35,3.50,Active
22:43  Doomben,Sky Racing Mdn Hcp,15,Lady Lazarus,1,Nozi Tomizawa 54kg,P M Kalinowski,69X8985,4yo M,7.00,13.00,Active
22:43  Doomben,Sky Racing Mdn Hcp,16,What Artists Do,10,Emily Lang (a1.5) 54.5kg,T B Thomas,X6848X4346,4yo G,4.80,5.00,Active
22:43  Doomben,Sky Racing Mdn Hcp,17,Elroy,11,Taylor Marshall 54kg,K C Anderson,7770X67530,6yo G,20.00,11.00,Active
22:43  Doomben,Sky Racing Mdn Hcp,18,Magical Eye,2,Wayne O'connell 54kg,D & G Lane,6767526803,5yo M,7.00,3.30,Active
00:40 - 26 Aug 2025,Scratched,5,Man Of The Town,16,Georgina Cartwright 58.5kg,L J Gough,,,,,Scratched
23:18  Doomben,Trackside With Ricky Ponting Plate (C1),1,Adranos,1,Ryan Maloney 60kg,T J Gollan,3413X3,5yo G,1.38,1.90,Active
23:18  Doomben,Trackside With Ricky Ponting Plate (C1),2,Chamierro,10,Martin Harley 60kg,Chris & Corey Munce,8X4123X5,4yo G,2.30,2.20,Active
23:18  Doomben,Trackside With Ricky Ponting Plate (C1),3,Gone Bananas,3,Justin Huxtable 60kg,Chris & Corey Munce,71X95357X,4yo G,5.00,3.70,Active
23:18  Doomben,Trackside With Ricky Ponting Plate (C1),4,Grammar Lad,7,Cejay Graham 60kg,K M Schweida,1X4X85,4yo G,4.00,4.00,Active
23:18  Doomben,Trackside With Ricky Ponting Plate (C1),5,Mercian,4,Georgina Cartwright 60kg,L J Gough,20X12374X4,5yo G,2.00,3.80,Active
23:18  Doomben,Trackside With Ricky Ponting Plate (C1),6,Minor Key,9,Dan Mc Gillivray 60kg,Jason Edwards,105,4yo G,5.00,1.40,Active
23:18  Doomben,Trackside With Ricky Ponting Plate (C1),8,Our Drummer,6,Karl Zechner 60kg,T B Thomas,0040225666,6yo G,19.00,26.00,Active
23:18  Doomben,Trackside With Ricky Ponting Plate (C1),9,Ready To Ignite,5,Luke P Dempsey 60kg,S A Dwyer,147900X5,4yo G,6.00,9.00,Active
23:18  Doomben,Trackside With Ricky Ponting Plate (C1),10,Rocky Reward,8,Corey Sutherland (a3) 60kg,L F Birchley,62193X,4yo G,4.40,3.80,Active
23:18  Doomben,Trackside With Ricky Ponting Plate (C1),12,Winchman,11,Ben E Thompson 60kg,P L Shailer,926222X212,5yo G,2.00,1.04,Active
23:18  Doomben,Trackside With Ricky Ponting Plate (C1),13,Frostfire,2,Jag Guthmann-Chester 57.5kg,Michael Freedman,135X3,3yo G,1.65,3.00,Active
23:53  Doomben,Country Music Raceday 6 September Plate (C1),1,Ace's In Bloom,2,Dan Mc Gillivray 60kg,Dan Morgan,8X183333X9,5yo M,4.80,8.00,Active
23:53  Doomben,Country Music Raceday 6 September Plate (C1),2,Cafe Mocha,10,Nozi Tomizawa 60kg,Ms L Paton,7432X04704,6yo M,61.00,14.00,Active
23:53  Doomben,Country Music Raceday 6 September Plate (C1),3,Dashing Hope,12,Jag Guthmann-Chester 60kg,T B Thomas,4510042327,5yo M,7.50,6.50,Active
23:53  Doomben,Country Music Raceday 6 September Plate (C1),4,Deep Tiara,7,Cody Collis (a2) 60kg,K M Schweida,40X2X419,5yo M,4.60,8.00,Active
23:53  Doomben,Country Music Raceday 6 September Plate (C1),5,Divine Source,8,Justin Huxtable 60kg,Chris & Corey Munce,52X142,4yo M,2.15,2.10,Active
23:53  Doomben,Country Music Raceday 6 September Plate (C1),6,Elizabass,6,Emily Lang (a1.5) 60kg,H R Richardson,6X457513X,4yo M,2.60,4.00,Active
23:53  Doomben,Country Music Raceday 6 September Plate (C1),7,Every Heart,4,Cejay Graham 60kg,Michael Freedman,4X6X41223X,4yo M,1.95,2.80,Active
23:53  Doomben,Country Music Raceday 6 September Plate (C1),8,Funky Me,11,Martin Harley 60kg,Darren Bell,01840X5,7yo M,21.00,5.00,Active
23:53  Doomben,Country Music Raceday 6 September Plate (C1),9,Rag Queen,9,Ryan Maloney 60kg,J P Wallace,07479X070X,4yo M,2.05,1.50,Active
23:53  Doomben,Country Music Raceday 6 September Plate (C1),11,Vos Savant,5,Luke P Dempsey 60kg,B J Lockwood,X795X3X55X,5yo M,2.50,2.90,Active
23:53  Doomben,Country Music Raceday 6 September Plate (C1),12,Miss Funny Honey,3,Jake Bayliss 57.5kg,S W Kendrick,1,3yo F,1.40,1.40,Active
23:53  Doomben,Country Music Raceday 6 September Plate (C1),14,Bun In The Oven,1,Wayne O'connell 60kg,Wayne O'connell,5053786058,6yo M,14.00,4.40,Active
00:28  Doomben,Spring Carnival Book Now (Bm68),2,June,2,Cody Collis (a2) 60kg,Tony & Maddysen Sears,8669X22212,5yo G,2.80,2.60,Active
00:28  Doomben,Spring Carnival Book Now (Bm68),3,Tarex,5,Corey Sutherland (a3) 59.5kg,L J Mayfield-Smith,3465361014,7yo G,6.00,2.50,Active
00:28  Doomben,Spring Carnival Book Now (Bm68),4,Nagamie,9,Luke P Dempsey 59kg,S B Laming,2185X23221,6yo G,3.20,6.00,Active
00:28  Doomben,Spring Carnival Book Now (Bm68),5,Punjabi Landing,4,Andrew Mallyon 58.5kg,P L Shailer,1X6183X677,5yo G,5.50,2.80,Active
00:28  Doomben,Spring Carnival Book Now (Bm68),6,Cosmic Lad,10,Angela Jones 58kg,Joseph Pride,44275X1652,5yo G,2.25,3.00,Active
00:28  Doomben,Spring Carnival Book Now (Bm68),7,Miss Chenery,13,Ryan Maloney 58kg,C J Waller,2X03354342,5yo M,2.10,2.80,Active
00:28  Doomben,Spring Carnival Book Now (Bm68),8,Simply Fun,3,Georgina Cartwright 58kg,K M Schweida,8305X34322,4yo G,3.00,2.60,Active
00:28  Doomben,Spring Carnival Book Now (Bm68),9,Umetini,14,Jag Guthmann-Chester 58kg,S W Kendrick,14294X3213,6yo M,3.70,5.50,Active
00:28  Doomben,Spring Carnival Book Now (Bm68),10,Lupine,6,Justin Huxtable 57kg,M A Currie,53721X4132,5yo G,2.10,8.50,Active
00:28  Doomben,Spring Carnival Book Now (Bm68),11,Tambourine Man,1,Tiffani Brooker 57kg,Kevin Martin,9850484726,7yo G,61.00,6.00,Active
00:28  Doomben,Spring Carnival Book Now (Bm68),12,Miss Dynamo,7,Cejay Graham 56kg,Billy Healey,3X327311X0,5yo M,9.00,34.00,Active
00:28  Doomben,Spring Carnival Book Now (Bm68),13,Addition,12,Ben E Thompson 55.5kg,T J Gollan,136X137354,5yo M,3.50,10.00,Active
00:28  Doomben,Spring Carnival Book Now (Bm68),14,Pleadeel,11,Brandon Lerena 55.5kg,Michael Morrison,093495X603,6yo M,5.00,10.00,Active
00:28  Doomben,Spring Carnival Book Now (Bm68),16,Celestial Blaze,8,Jake Bayliss 56.5kg,R L Heathcote,210X492746,4yo G,3.70,5.50,Active
01:03  Doomben,Xxxx Gold (Bm65),1,Negotiations,2,Ben E Thompson 62kg,C Maher,237X609442,6yo G,1.60,1.04,Active
01:03  Doomben,Xxxx Gold (Bm65),2,Kiribati,8,Corey Sutherland (a3) 61.5kg,C Maher,52625X8527,5yo G,2.70,3.90,Active
01:03  Doomben,Xxxx Gold (Bm65),3,Mio Sorrento,4,Cody Collis (a2) 61kg,J W Healy,212721280X,7yo G,4.00,3.10,Active
01:03  Doomben,Xxxx Gold (Bm65),4,Air We Go,5,Jag Guthmann-Chester 60.5kg,S W Kendrick,17X1423,4yo G,1.50,4.20,Active
01:03  Doomben,Xxxx Gold (Bm65),5,Surreal Ascot,3,Olivia Webb (a3) 60kg,A & T Sweeney,373X143175,5yo M,23.00,2.90,Active
01:03  Doomben,Xxxx Gold (Bm65),7,Lucifer's Way,9,Ryan Maloney 59.5kg,David Vandyke,2311,4yo G,1.75,2.40,Active
01:03  Doomben,Xxxx Gold (Bm65),9,I'm Zac,7,Angela Jones 58.5kg,Desleigh Forster,X13979X034,4yo G,2.60,1.04,Active
01:03  Doomben,Xxxx Gold (Bm65),11,Indubitably,6,Jason Taylor 57.5kg,Ravyn Warzecha,21153X4886,4yo M,6.50,6.50,Active
01:03  Doomben,Xxxx Gold (Bm65),14,Kirragirl,1,Cejay Graham 56.5kg,Jack Bruce,9748785X12,5yo M,1.95,1.80,Active
23:29 - 25 Aug 2025,Scratched,6,Jungle Fever,11,Corey Sutherland (a3) 59.5kg,Stephen Sutherland,,,,,Scratched
19:08 - 25 Aug 2025,Scratched,10,Salt Lake Betty,15,,Desleigh Forster,,,,,Scratched
01:38  Doomben,Ladbrokes Punters Assist Plate (C3),3,Jonny Da Wolf,7,Ryan Maloney 60kg,Chris & Corey Munce,331528X124,5yo G,1.16,3.10,Active
01:38  Doomben,Ladbrokes Punters Assist Plate (C3),4,Ready Azz Eva,6,Winona Costin 60kg,R L Heathcote,4268366X52,6yo G,3.20,1.20,Active
01:38  Doomben,Ladbrokes Punters Assist Plate (C3),5,Royal Hard Hat,10,Courtney Bellamy (a3) 60kg,B D Bellamy,07942750X4,7yo G,16.00,9.50,Active
01:38  Doomben,Ladbrokes Punters Assist Plate (C3),6,Rock The Sunrise,8,Damien Thornton 58.5kg,Matthew Hoysted,4X6122X4,4yo G,2.40,5.00,Active
01:38  Doomben,Ladbrokes Punters Assist Plate (C3),8,Toro Strike,3,Cejay Graham 58.5kg,J W Mason,3422X110X3,4yo G,3.20,4.40,Active
01:38  Doomben,Ladbrokes Punters Assist Plate (C3),10,Merchant Lady,2,Heavelon Van Der Hoven 58kg,Annabel & Rob Archibald,3X6339X125,5yo M,3.80,1.50,Active
01:38  Doomben,Ladbrokes Punters Assist Plate (C3),11,Ocean Zar,4,Jake Bayliss 58kg,Matthew Hoysted,X534352X45,6yo M,3.20,5.00,Active
01:38  Doomben,Ladbrokes Punters Assist Plate (C3),12,Acapulco Girl,5,Ben E Thompson 56.5kg,David Vandyke,2X1212,4yo M,1.50,2.30,Active
01:38  Doomben,Ladbrokes Punters Assist Plate (C3),13,Angel Down,1,Andrew Mallyon 56.5kg,M J Dunn,121X77X96X,5yo M,4.20,2.20,Active
01:38  Doomben,Ladbrokes Punters Assist Plate (C3),14,Little Jeanie,9,Emily Lang (a1.5) 56.5kg,Jack Bruce,42X7848513,5yo M,2.30,5.50,Active
22:00  Sandown,Sportsbet Race Previews Mdn Plate,1,Rock Them Jools,2,Ben Melham 59.5kg,C J Waller,42X543,4yo G,1.34,1.30,Active
22:00  Sandown,Sportsbet Race Previews Mdn Plate,4,Antiquus,1,Liam Riordan 57.5kg,L & T Corstens & W Larkin,240X,4yo M,10.00,8.50,Active
22:00  Sandown,Sportsbet Race Previews Mdn Plate,6,Fastobullet,5,Craig Williams 57kg,G Eurell,3,3yo G,2.90,5.50,Active
22:00  Sandown,Sportsbet Race Previews Mdn Plate,7,Kakkoii,7,Jamie Melham 57kg,T Busuttin & N Young,3X,3yo C,1.95,1.90,Active
22:00  Sandown,Sportsbet Race Previews Mdn Plate,8,Heavenly Conquest,4,Declan Bates 55kg,C Maher,530X3,3yo F,2.70,2.40,Active
22:00  Sandown,Sportsbet Race Previews Mdn Plate,9,Just Kick,8,Damian Lane 55kg,E & D Browne,23X,3yo F,1.45,1.10,Active
22:00  Sandown,Sportsbet Race Previews Mdn Plate,11,Washington Lilac,6,Zac Spain 55kg,P G Moody & Katherine Coleman,2,3yo F,3.60,3.90,Active
22:00  Sandown,Sportsbet Race Previews Mdn Plate,12,Zouclaire,3,Michael Dee 55kg,C Maher,27X,3yo F,2.70,2.60,Active
22:35  Sandown,Mrc Membership Feel The Thrill Mdn Plate,2,Gunz,4,Craig Williams 58kg,S Jokic,2,3yo G,2.00,2.30,Active
22:35  Sandown,Mrc Membership Feel The Thrill Mdn Plate,5,Yamashita's Gold,2,Jamie Mott 58kg,Gavin Bedggood,20X554,3yo C,3.60,1.80,Active
22:35  Sandown,Mrc Membership Feel The Thrill Mdn Plate,6,Melrose,8,Jye Mcneil 56kg,R D Griffiths,0X,3yo F,3.00,3.40,Active
22:35  Sandown,Mrc Membership Feel The Thrill Mdn Plate,8,Pure Passion,1,Blake Shinn 56kg,P G Moody & Katherine Coleman,233X,3yo F,1.65,1.90,Active
22:35  Sandown,Mrc Membership Feel The Thrill Mdn Plate,9,Sassy For Sure,7,Thomas Stockdale 56kg,P Stokes,2X,3yo F,2.65,3.10,Active
23:10  Sandown,Sportsbet Jockey Watch (Bm70),1,Rosalia,6,Jaylah Kennedy (a2) 63.5kg,Lucinda Boyd,112218X00X,8yo M,16.00,7.50,Active
23:10  Sandown,Sportsbet Jockey Watch (Bm70),2,Lovelycut,4,Damian Lane 61.5kg,Reece Goodwin,5X11X247X,4yo M,1.45,1.50,Active
23:10  Sandown,Sportsbet Jockey Watch (Bm70),3,Lunar Module,8,Logan Bates (a2) 61kg,Gavin Bedggood,4X2112115X,6yo M,2.05,5.00,Active
23:10  Sandown,Sportsbet Jockey Watch (Bm70),4,Mckeyla,2,Jye Mcneil 60.5kg,R D Griffiths,X13251343X,4yo M,1.45,1.10,Active
23:10  Sandown,Sportsbet Jockey Watch (Bm70),5,Per Sempre,5,Ryan Hurdle 60kg,C J Cassar,20X4122111,6yo M,3.10,2.30,Active
23:10  Sandown,Sportsbet Jockey Watch (Bm70),6,Jennyanydots,1,Ethan Brown 59kg,Mitchell Freedman,21312X237,5yo M,1.22,1.40,Active
23:10  Sandown,Sportsbet Jockey Watch (Bm70),10,Don't Russia,7,Craig Newitt 57kg,Craig Blackshaw,9X67524251,4yo M,3.50,2.70,Active
23:10  Sandown,Sportsbet Jockey Watch (Bm70),11,Royal Lass,3,Luke Cartwright (a3) 56.5kg,Lee & Shannon Hope,342455X213,4yo M,3.50,4.00,Active
23:45  Sandown,Tile Importer (Bm78),2,I Am The Empire,1,Ryan Houston (a2) 60kg,Annabel & Rob Archibald,40X1882014,7yo G,3.10,6.00,Active
23:45  Sandown,Tile Importer (Bm78),3,Elsie May,2,Logan Bates (a2) 59.5kg,C Maher,1415X67143,6yo M,3.50,2.00,Active
23:45  Sandown,Tile Importer (Bm78),4,Jabbawockeez,3,Mark Zahra 58.5kg,Tom Dabernig,3132X64976,7yo G,4.00,2.80,Active
23:45  Sandown,Tile Importer (Bm78),6,Karburan,5,Blake Shinn 56.5kg,T Busuttin & N Young,15937X0625,6yo G,1.50,6.50,Active
23:45  Sandown,Tile Importer (Bm78),9,Nothingelsematters,6,Beau Mertens 55kg,Ms N Burke,X437730411,5yo G,3.00,4.40,Active
23:45  Sandown,Tile Importer (Bm78),10,Dreams Come True,4,Jamie Melham 54kg,M Price & M Kent Jnr,X4X67X1241,5yo M,1.60,2.50,Active
00:20  Sandown,Sportsbet Fast Form (Bm64),1,Highland Bling,1,Daniel Stackhouse 62kg,P Stokes,4102260X0X,5yo G,4.60,4.80,Active
00:20  Sandown,Sportsbet Fast Form (Bm64),2,Shiny New Deel,5,Logan Bates (a2) 62kg,Gavin Bedggood,0516247X76,5yo G,2.00,5.00,Active
00:20  Sandown,Sportsbet Fast Form (Bm64),3,Like A Tiger,2,Ryan Houston (a2) 61.5kg,Mathew Smerdon,X4049X0385,6yo G,2.70,1.80,Active
00:20  Sandown,Sportsbet Fast Form (Bm64),4,Captain Hilfiger,3,Craig Newitt 60kg,Peter Gelagotis,71X0619092,4yo G,7.00,5.50,Active
00:20  Sandown,Sportsbet Fast Form (Bm64),5,Farewell To Eire,8,Blake Shinn 59.5kg,P G Moody & Katherine Coleman,1X8233X5X8,6yo M,1.70,2.10,Active
00:20  Sandown,Sportsbet Fast Form (Bm64),6,Rick's Cafe,11,Emily Pozman (a3) 59.5kg,Rhiannon Schiffer,7326350X75,10yo M,5.00,3.60,Active
00:20  Sandown,Sportsbet Fast Form (Bm64),7,Sir Rockford,6,Ben Melham 59.5kg,Aaron Laing,2356X3909X,7yo G,6.00,10.00,Active
00:20  Sandown,Sportsbet Fast Form (Bm64),8,Autumn Slide,4,Jaylah Kennedy (a2) 59kg,Simon Zahra,111869X397,5yo M,4.00,3.10,Active
00:20  Sandown,Sportsbet Fast Form (Bm64),9,Bold Strike,7,Mark Zahra 59kg,C Maher,4X142452,4yo G,1.28,1.04,Active
00:20  Sandown,Sportsbet Fast Form (Bm64),10,Grinzinger Earl,9,Jamie Mott 59kg,Shea Eden,X4475X1674,5yo G,4.00,6.00,Active
00:20  Sandown,Sportsbet Fast Form (Bm64),11,Male Model,10,Craig Atkinson 59kg,John Thom,2861X63246,6yo G,5.00,4.40,Active
00:55  Sandown,Lockettled.au (Bm64),2,Howdy,3,Luke Cartwright (a3) 62kg,Michael Trotter,9X02131433,5yo G,2.30,3.10,Active
00:55  Sandown,Lockettled.au (Bm64),3,Flying Valley,2,Jamie Mott 61kg,Julius Sandhu,093X18X442,5yo G,2.75,1.30,Active
00:55  Sandown,Lockettled.au (Bm64),4,Armino,4,Craig Newitt 60.5kg,Andrew Forsman,X34396130X,6yo G,11.00,4.80,Active
00:55  Sandown,Lockettled.au (Bm64),5,Bronte Beach,1,Ethan Brown 60kg,M Price & M Kent Jnr,1X1X,4yo M,1.32,2.70,Active
00:55  Sandown,Lockettled.au (Bm64),6,King Tut,5,Ben Allen 60kg,C Maher,132,4yo G,1.80,1.50,Active
00:55  Sandown,Lockettled.au (Bm64),11,Happy Link,8,Damian Lane 58kg,G Eurell,211X487552,5yo M,2.25,1.60,Active
00:55  Sandown,Lockettled.au (Bm64),12,That'swhatshesaid,7,Ben Melham 57.5kg,Nathan Mcpherson,95221134X9,7yo M,6.50,5.00,Active
00:55  Sandown,Lockettled.au (Bm64),13,Trapdoor,6,Blake Shinn 57kg,"M, W & J Hawkes",1,3yo G,1.16,1.50,Active
01:30  Sandown,Quayclean (Bm70),1,Mr Verse,4,Logan Bates (a2) 62kg,T & C Mcevoy,41231X13,4yo G,1.35,3.70,Active
01:30  Sandown,Quayclean (Bm70),3,Almairac,10,Ethan Brown 60.5kg,C I Brown,112168X030,6yo G,5.50,2.30,Active
01:30  Sandown,Quayclean (Bm70),4,Everything Counts,6,Zac Spain 60.5kg,M Price & M Kent Jnr,35X81233X1,6yo G,4.60,3.40,Active
01:30  Sandown,Quayclean (Bm70),5,Nearing Liberty,1,Liam Riordan 60.5kg,Matthew Brown,1242X778X1,5yo G,3.10,5.00,Active
01:30  Sandown,Quayclean (Bm70),6,Rich Champagne,11,Jaylah Kennedy (a2) 60.5kg,Andrew Bobbin,2X8211126X,5yo G,18.00,4.20,Active
01:30  Sandown,Quayclean (Bm70),7,Overactive,9,Jamie Mott 60kg,A & S Freedman,5X288364X6,6yo G,2.75,3.60,Active
01:30  Sandown,Quayclean (Bm70),8,Blushing Tycoon,7,Daniel Moor 59.5kg,T Busuttin & N Young,4522431760,7yo G,8.50,6.00,Active
01:30  Sandown,Quayclean (Bm70),9,Heavenly Eagle,2,Daniel Stackhouse 59.5kg,S V Brown,1640X10203,7yo G,3.90,3.10,Active
01:30  Sandown,Quayclean (Bm70),11,Mr Vivaci,3,Jye Mcneil 59kg,C J Waller,26X135X21,5yo G,1.55,1.60,Active
01:30  Sandown,Quayclean (Bm70),15,Princess Montecito,5,Luke Cartwright (a3) 55kg,P G Moody & Katherine Coleman,X108319X75,4yo M,5.50,4.20,Active
01:30  Sandown,Quayclean (Bm70),16,Butternut Princess,8,Jamie Melham 54.5kg,P G Moody & Katherine Coleman,42X3273225,4yo M,1.65,2.30,Active
02:05  Sandown,Sportsbet More Places (Bm78),1,Shirshov,9,Hannah Edgley (a3) 61kg,P Stokes,057X12336X,7yo G,2.80,21.00,Active
02:05  Sandown,Sportsbet More Places (Bm78),2,Call To Glory,10,Craig Williams 60.5kg,Tom Dabernig,117X271752,5yo G,2.45,2.50,Active
02:05  Sandown,Sportsbet More Places (Bm78),3,Don't Hope Do,2,Thomas Stockdale 60kg,Simon Zahra,X8X31439X1,5yo G,2.00,4.40,Active
02:05  Sandown,Sportsbet More Places (Bm78),5,Lazy Susan,7,Logan Bates (a2) 58.5kg,Gavin Bedggood,X21574714X,6yo M,6.50,4.20,Active
02:05  Sandown,Sportsbet More Places (Bm78),6,Bold Print,5,Jamie Melham 58kg,Rachael Cunningham,62184533X0,5yo G,5.50,7.50,Active
02:05  Sandown,Sportsbet More Places (Bm78),8,Kiko,1,Luke Cartwright (a3) 57.5kg,J T Conlan,2X533X7X16,6yo M,2.65,3.30,Active
02:05  Sandown,Sportsbet More Places (Bm78),11,Deepfloat Diva,4,Damian Lane 57kg,R & C Jolly,37X3321822,5yo G,1.70,1.04,Active
02:05  Sandown,Sportsbet More Places (Bm78),12,Dapper Darri,3,Tom Prebble (a2) 56.5kg,Shea Eden,11X10,4yo G,10.00,11.00,Active
02:05  Sandown,Sportsbet More Places (Bm78),13,Always Enuff,8,Zac Spain 56kg,S P Nichols,X10173X110,4yo M,10.00,4.20,Active
02:05  Sandown,Sportsbet More Places (Bm78),14,Hulm,11,Luke Currie 56kg,P Mcvicar,1110440X7X,6yo G,13.00,41.00,Active
02:05  Sandown,Sportsbet More Places (Bm78),15,Tonkin,6,Ben Melham 56kg,A & S Freedman,2X111X,4yo M,1.20,1.70,Active
22:25  Randwick Kensington,Asahi Super Dry Mdn Hcp,1,Superata,8,Zac Lloyd 59kg,G D Hickman,3X,4yo G,3.20,3.50,Active
22:25  Randwick Kensington,Asahi Super Dry Mdn Hcp,2,Xingxing,7,Tyler Schiller 58kg,"M, W & J Hawkes",3X66X,4yo G,1.90,2.00,Active
22:25  Randwick Kensington,Asahi Super Dry Mdn Hcp,3,Maquisa,4,James Mc Donald 57.5kg,C J Waller,6X337X3226,4yo M,1.75,1.50,Active
22:25  Randwick Kensington,Asahi Super Dry Mdn Hcp,6,Lady Pankhurst,6,Rachel King 56kg,J G Sargent,6230X,3yo F,1.50,3.60,Active
22:25  Randwick Kensington,Asahi Super Dry Mdn Hcp,8,Siriusly Hot,10,Chad Schofield 56kg,C Maher,6X3976X,3yo G,3.00,3.20,Active
22:25  Randwick Kensington,Asahi Super Dry Mdn Hcp,10,The Pearls,5,Kerrin Mc Evoy 54.5kg,C J Waller,25,3yo F,2.80,2.20,Active
22:25  Randwick Kensington,Asahi Super Dry Mdn Hcp,11,Officiate,3,Tommy Berry 55.5kg,C J Waller,8X,3yo C,4.80,6.50,Active
22:25  Randwick Kensington,Asahi Super Dry Mdn Hcp,12,Angel Feet,1,Jason Collett 55kg,C J Waller,74X,3yo G,2.80,3.80,Active
22:25  Randwick Kensington,Asahi Super Dry Mdn Hcp,13,Maccbi,9,Molly Bourke (a2) 55kg,J & G Lee,8352X52,4yo G,2.35,4.80,Active
23:00  Randwick Kensington,Schweppes (Bm64),1,Stormland,2,Braith Nock (a2) 61.5kg,C Maher,18X4,3yo C,2.05,1.60,Active
23:00  Randwick Kensington,Schweppes (Bm64),3,Aligned,5,Tom Sherry 59.5kg,Peter Snowden,69X514,3yo G,2.60,5.50,Active
23:00  Randwick Kensington,Schweppes (Bm64),4,Johnny,1,Andrew Adkins 59.5kg,Peter Snowden,12,3yo G,1.36,1.20,Active
23:00  Randwick Kensington,Schweppes (Bm64),5,Gobi Desert,3,Benjamin Osmond (a2) 59kg,K A Lees,10X0X,3yo F,3.70,3.50,Active
23:00  Randwick Kensington,Schweppes (Bm64),6,Prestar,4,Ashley Morgan 58.5kg,T & C Mcevoy,9X103,3yo C,1.45,1.30,Active
23:35  Randwick Kensington,Ranvet (Bm72),1,Huon,2,William A Stanley (a3) 61kg,Richard Litt,484247532X,7yo G,2.15,2.40,Active
23:35  Randwick Kensington,Ranvet (Bm72),2,Iron Will,5,Billy Owen 59kg,Tash Burleigh,5X00638632,6yo G,3.00,3.00,Active
23:35  Randwick Kensington,Ranvet (Bm72),4,Passeggiata,6,Jason Collett 57kg,Richard & Will Freedman,20450X20X5,6yo M,2.45,2.20,Active
23:35  Randwick Kensington,Ranvet (Bm72),5,Grand Eagle,7,James Mc Donald 56.5kg,G Ryan & S Alexiou,2411X,3yo C,1.26,1.20,Active
23:35  Randwick Kensington,Ranvet (Bm72),6,Stratafy,1,Anna Roper (a2) 54kg,N R Ward,3X14618X32,4yo M,2.45,5.50,Active
23:35  Randwick Kensington,Ranvet (Bm72),7,Bode Akuna,4,Alysha Collett 54kg,J C Coyle,62127X7358,4yo G,12.00,16.00,Active
23:35  Randwick Kensington,Ranvet (Bm72),8,Bodgie,3,Siena Grima (a3) 54kg,P M Perry,6975303363,7yo G,9.50,8.00,Active
00:10  Randwick Kensington,Chandon (Bm72),1,Monarchs Brae,4,Siena Grima (a3) 62kg,C J Waller,8629986108,7yo G,4.00,4.20,Active
00:10  Randwick Kensington,Chandon (Bm72),2,The Years,10,Joshua Parr 62kg,G Waterhouse & A Bott,520X4X6511,5yo G,1.75,2.00,Active
00:10  Randwick Kensington,Chandon (Bm72),3,Misterkipchoge,1,Benjamin Osmond (a2) 59kg,C J Waller,X423544166,5yo G,1.95,5.50,Active
00:10  Randwick Kensington,Chandon (Bm72),4,Bright Red,6,James Mc Donald 58.5kg,C J Waller,322X775282,5yo M,1.40,1.20,Active
00:10  Randwick Kensington,Chandon (Bm72),5,Convergent,5,Adam Hyeronimus 58.5kg,J & G Lee,1273,5yo G,1.65,1.01,Active
00:10  Randwick Kensington,Chandon (Bm72),6,Dr Evil,9,Jason Collett 57kg,J A Steinmetz,3464082493,9yo G,2.90,1.60,Active
00:10  Randwick Kensington,Chandon (Bm72),7,Starry Desert,3,Tommy Berry 56kg,C J Waller,4423X16,4yo G,3.30,7.50,Active
00:10  Randwick Kensington,Chandon (Bm72),8,Sting In The Tail,2,Zac Lloyd 54.5kg,C J Waller,741226X046,5yo M,2.90,2.40,Active
00:10  Randwick Kensington,Chandon (Bm72),10,Dalio,8,Deanne Panya 54kg,R S Englebrecht,94229X2424,5yo G,8.50,10.00,Active
00:10  Randwick Kensington,Chandon (Bm72),11,Chateaux Park,7,Rachel King 54kg,J C Coyle,7484045X67,9yo G,10.00,6.50,Active
00:45  Randwick Kensington,Tab (Bm72),1,Hooligan Tommy,5,Mitch Stapleford (a3) 63kg,J G Sargent,7X12031611,5yo G,2.45,2.90,Active
00:45  Randwick Kensington,Tab (Bm72),2,I've Bean Tryin',7,Alysha Collett 60kg,Matthew Kelley,9830X07882,7yo G,2.80,3.80,Active
00:45  Randwick Kensington,Tab (Bm72),3,Tastula,1,Tyler Schiller 59.5kg,"M, W & J Hawkes",76X852116X,5yo G,5.00,2.10,Active
00:45  Randwick Kensington,Tab (Bm72),4,The Gadget Man,11,Siena Grima (a3) 59.5kg,C J Waller,93113X806X,7yo G,7.00,12.00,Active
00:45  Randwick Kensington,Tab (Bm72),5,La Roja,2,Kerrin Mc Evoy 59kg,Peter Snowden,7X1454X21,4yo M,1.45,2.90,Active
00:45  Randwick Kensington,Tab (Bm72),6,In Summer,3,Anna Roper (a2) 58.5kg,P Messara & L Gavranich,X2121X2361,5yo M,1.80,4.60,Active
00:45  Randwick Kensington,Tab (Bm72),7,Belleistic Kids,4,Reece Jones 57.5kg,B Joseph & P & M Jones,7274833X78,6yo G,7.00,2.80,Active
00:45  Randwick Kensington,Tab (Bm72),8,Johnny The Kid,6,Tim Clark 57.5kg,G Waterhouse & A Bott,26X33418X6,4yo G,2.80,2.80,Active
00:45  Randwick Kensington,Tab (Bm72),9,Ivan's Hero,10,James Mc Donald 56kg,C J Waller,X4080X4043,6yo G,2.35,1.30,Active
00:45  Randwick Kensington,Tab (Bm72),10,Andron,9,Zac Lloyd 55kg,"M, W & J Hawkes",1,4yo G,2.25,9.50,Active
00:45  Randwick Kensington,Tab (Bm72),11,Mega Fight,8,Grant Buckley 54kg,J D Cooper,1305256522,5yo G,7.00,5.00,Active
01:20  Randwick Kensington,Hyland Race Colours (Bm72),1,Balkans,4,James Mc Donald 62.5kg,Richard Litt,2725X131X6,5yo G,1.70,1.01,Active
01:20  Randwick Kensington,Hyland Race Colours (Bm72),2,Cruel Summer,6,William A Stanley (a3) 62.5kg,P M Perry,0809011690,7yo G,2.45,1.04,Active
01:20  Randwick Kensington,Hyland Race Colours (Bm72),3,Silvanito,5,Ashley Morgan 60kg,Nathan Doyle,2222X7070X,6yo G,1.90,10.00,Active
01:20  Randwick Kensington,Hyland Race Colours (Bm72),4,Debello,7,Molly Bourke (a2) 59.5kg,G Portelli,20X51123X9,5yo G,3.00,1.20,Active
01:20  Randwick Kensington,Hyland Race Colours (Bm72),5,Bodhi Boy,2,Ben Looker 59kg,Lyndall Olson,1X110X21,4yo G,1.32,1.40,Active
01:20  Randwick Kensington,Hyland Race Colours (Bm72),6,Noble Soldier,1,Tommy Berry 59kg,R & L Price,95344270X9,8yo G,3.20,2.70,Active
01:20  Randwick Kensington,Hyland Race Colours (Bm72),7,Bernen Win,8,Tom Sherry 58.5kg,Edward Cummings,5X5331450X,4yo G,2.65,3.10,Active
01:20  Randwick Kensington,Hyland Race Colours (Bm72),9,Hammett,3,Siena Grima (a3) 57kg,C J Waller,6615X0X,4yo G,2.65,4.40,Active
01:20  Randwick Kensington,Hyland Race Colours (Bm72),10,Master Riley,9,Jess Taylor 57kg,Ms T Bateup,410276621X,5yo G,5.50,5.00,Active
01:55  Randwick Kensington,Headwater @ Vinery Stud (Bm72),1,Hulu,4,William A Stanley (a3) 61kg,Cameron Crockett,1277X19121,5yo M,3.70,4.40,Active
01:55  Randwick Kensington,Headwater @ Vinery Stud (Bm72),2,Allapercanto,9,Braith Nock (a2) 60kg,Jake Hull,0X3737X064,5yo M,3.00,3.80,Active
01:55  Randwick Kensington,Headwater @ Vinery Stud (Bm72),4,Idle Flyer,10,Zac Lloyd 60kg,Matthew Smith,51X21100X,4yo M,1.75,3.20,Active
01:55  Randwick Kensington,Headwater @ Vinery Stud (Bm72),5,Lady Boss,5,James Mc Donald 59kg,C Maher,X422823622,5yo M,1.50,1.04,Active
01:55  Randwick Kensington,Headwater @ Vinery Stud (Bm72),7,Mountain Top,7,Donovan Dillon 59kg,D R Mirfin,19X782000X,5yo M,9.00,8.00,Active
01:55  Randwick Kensington,Headwater @ Vinery Stud (Bm72),8,Totoka,1,Alysha Collett 59kg,P M Perry,9X12849633,4yo M,2.35,2.20,Active
01:55  Randwick Kensington,Headwater @ Vinery Stud (Bm72),10,Pleasure Queen,6,Joshua Parr 57kg,G Ryan & S Alexiou,157X,3yo F,2.00,3.50,Active
01:55  Randwick Kensington,Headwater @ Vinery Stud (Bm72),11,Good Sort,8,Tim Clark 58.5kg,C J Waller,12439X305X,4yo M,2.25,6.00,Active
01:55  Randwick Kensington,Headwater @ Vinery Stud (Bm72),12,Burj,2,Tom Sherry 57.5kg,Peter Snowden,142X4215,4yo M,3.20,2.10,Active
01:55  Randwick Kensington,Headwater @ Vinery Stud (Bm72),15,The Stars,3,Tommy Berry 55.5kg,C J Waller,6523X271,4yo M,3.70,2.60,Active
22:50  Gawler,Sanders Fodder Mdn Plate,1,Kaotic Billy,5,Taylor Johnstone 58kg,Brett Campbell,3,4yo G,21.00,5.00,Active
22:50  Gawler,Sanders Fodder Mdn Plate,2,Mcleod,1,Shuichi Terachi 58kg,Sophie Logan,6468336X08,5yo G,301.00,1.20,Active
22:50  Gawler,Sanders Fodder Mdn Plate,3,Naval Ensign,4,Todd Pannell 58kg,Gary & Dean Alexander,680626X00,5yo G,61.00,14.00,Active
22:50  Gawler,Sanders Fodder Mdn Plate,4,Titan Rising,2,Connor Murtagh 58kg,David Page,57370X3922,5yo G,31.00,4.00,Active
22:50  Gawler,Sanders Fodder Mdn Plate,5,Annanda,3,Sophie Potter (a3) 56kg,P Stokes,85250X3,4yo M,3.90,1.20,Active
22:50  Gawler,Sanders Fodder Mdn Plate,6,Extra Chill,8,Rochelle Milnes 56kg,Jake Stephens,35,4yo M,5.50,1.40,Active
22:50  Gawler,Sanders Fodder Mdn Plate,7,Green Amber,13,Emily Finnegan 56kg,S & J Jaensch,990X5507,4yo M,51.00,7.50,Active
22:50  Gawler,Sanders Fodder Mdn Plate,8,Grinzinger Joy,9,Kayla Crowther 56kg,M J Seyers,90,4yo M,61.00,15.00,Active
22:50  Gawler,Sanders Fodder Mdn Plate,11,Flaming Eyes,12,Jason Holder 56kg,A J Clarken,688X8,4yo M,12.00,3.80,Active
22:50  Gawler,Sanders Fodder Mdn Plate,12,Kung Fu Kisses,11,Margaret Collett 56kg,Brett Campbell,50283X6878,5yo M,151.00,10.00,Active
22:50  Gawler,Sanders Fodder Mdn Plate,13,Foxy Eagle,6,Alana Livesey 56kg,T L Day,5758480X66,7yo M,19.00,3.20,Active
23:25  Gawler,Kingsford Hotel Mdn Plate,1,Brother Lawrie,6,Kayla Crowther 58kg,David Jolly & Justin Potter,8,4yo G,41.00,7.00,Active
23:25  Gawler,Kingsford Hotel Mdn Plate,2,Fussy As,2,Sairyn Fawke 58kg,D B Aldridge,9X,4yo G,41.00,3.50,Active
23:25  Gawler,Kingsford Hotel Mdn Plate,5,Me Name's Harry,13,Monika Wolanin (a3) 58kg,Kate Halliday,826X062749,5yo G,19.00,2.00,Active
23:25  Gawler,Kingsford Hotel Mdn Plate,6,Radiant Knight,5,Stacey Metcalfe 58kg,Matthew Raymond Barkla,266534X805,6yo G,31.00,3.20,Active
23:25  Gawler,Kingsford Hotel Mdn Plate,7,Round Two,10,Felicity Atkinson (a1.5) 58kg,Byron Cozamanis,046X9746X7,4yo G,21.00,6.50,Active
23:25  Gawler,Kingsford Hotel Mdn Plate,8,Trevidi,12,Sophie Potter (a3) 58kg,P Stokes,6,4yo G,6.50,2.40,Active
23:25  Gawler,Kingsford Hotel Mdn Plate,9,Wrath,4,Rochelle Milnes 58kg,J Dunn & K Bishop,0X09592994,7yo G,14.00,3.70,Active
23:25  Gawler,Kingsford Hotel Mdn Plate,11,Safe Bet,15,Alysha Warren (a3) 56kg,R W Huxtable,42X,3yo G,151.00,2.10,Active
23:25  Gawler,Kingsford Hotel Mdn Plate,14,Gingerbread Boy,1,Dylan Caboche 58kg,T L Day,0X58X63070,5yo G,21.00,4.40,Active
23:25  Gawler,Kingsford Hotel Mdn Plate,15,Caribbean Prince,14,Alana Livesey 58kg,Kate Halliday,7X0867,4yo G,71.00,13.00,Active
00:00  Gawler,Irongate Australia Mdn Plate,1,Belongtojill,8,Jake Toeroek 57.5kg,S & J Jaensch,6X44,6yo M,7.50,11.00,Active
00:00  Gawler,Irongate Australia Mdn Plate,3,Hold The Gold,3,Caitlin Jones 57.5kg,Sarah Rutten,0X77X380,4yo M,26.00,4.80,Active
00:00  Gawler,Irongate Australia Mdn Plate,4,Kick Your Knees Up,12,Teagan Voorham 57.5kg,K M Mcanulty & C Binnie,3,4yo M,34.00,6.50,Active
00:00  Gawler,Irongate Australia Mdn Plate,7,Reoffer,2,Todd Pannell 57.5kg,Sarah Rutten,6X33,4yo M,21.00,1.60,Active
00:00  Gawler,Irongate Australia Mdn Plate,8,Supreme Valkyrie,9,Rochelle Milnes 57.5kg,Peter Nolan,34422X44,5yo M,8.50,1.04,Active
00:00  Gawler,Irongate Australia Mdn Plate,9,Fiabesca,15,Kayla Crowther 55.5kg,D B Aldridge,47X,3yo F,8.50,2.70,Active
00:00  Gawler,Irongate Australia Mdn Plate,11,Shady Princess,14,Felicity Atkinson (a1.5) 55.5kg,Chris Bieg,6759X,3yo F,34.00,5.50,Active
00:00  Gawler,Irongate Australia Mdn Plate,13,Cynane,10,Alana Livesey 55.5kg,Gary & Dean Alexander,058,3yo F,126.00,26.00,Active
00:00  Gawler,Irongate Australia Mdn Plate,14,Rockleigh Belle,11,Tahlia Hardy (a4) 57.5kg,Jon O'connor,85X,4yo M,71.00,6.50,Active
00:00  Gawler,Irongate Australia Mdn Plate,15,Royal Muse,1,Sophie Potter (a3) 55.5kg,David Jolly & Justin Potter,9,3yo F,23.00,4.40,Active
00:35  Gawler,Gbjc Life Members Appreciation Hcp (C2),1,Purfect Line,2,Caitlyn Munro (a3) 60kg,R & C Jolly,4342X22724,4yo G,21.00,3.80,Active
00:35  Gawler,Gbjc Life Members Appreciation Hcp (C2),2,Gold Spirit,7,Brooke King (a2) 58.5kg,Grant Kluske,X4595X2714,4yo G,23.00,3.90,Active
00:35  Gawler,Gbjc Life Members Appreciation Hcp (C2),3,Here Comes Hogan,3,Ben Price 58kg,Ms K Byrnes,879X418330,5yo G,34.00,2.50,Active
00:35  Gawler,Gbjc Life Members Appreciation Hcp (C2),4,Sun Flipper,6,Sophie Potter (a3) 58kg,David Jolly & Justin Potter,1X42X10,5yo M,8.50,3.10,Active
00:35  Gawler,Gbjc Life Members Appreciation Hcp (C2),5,All Shot,11,Connor Murtagh 57.5kg,Jon O'connor,419X4,4yo G,21.00,2.50,Active
00:35  Gawler,Gbjc Life Members Appreciation Hcp (C2),6,Immortal Shield,4,Alyssa Webb (a4) 56.5kg,Grant Young,4X79028207,4yo G,61.00,10.00,Active
00:35  Gawler,Gbjc Life Members Appreciation Hcp (C2),7,Mazovia,12,Jake Toeroek 56.5kg,R & C Jolly,7110X6530X,5yo M,21.00,1.80,Active
00:35  Gawler,Gbjc Life Members Appreciation Hcp (C2),8,Not In Doubt,5,Stacey Metcalfe 56.5kg,G Dimitropoulos,124X553327,6yo M,34.00,2.50,Active
00:35  Gawler,Gbjc Life Members Appreciation Hcp (C2),9,Press Express,8,Todd Pannell 56.5kg,W F Francis & G Kent,218139X005,5yo M,18.00,3.40,Active
00:35  Gawler,Gbjc Life Members Appreciation Hcp (C2),10,Bonavena,9,Alysha Warren (a3) 56kg,Lewis & Eliza Grantham,0X014,4yo M,23.00,6.00,Active
00:35  Gawler,Gbjc Life Members Appreciation Hcp (C2),11,Runaway Belle,1,Jacob Opperman 56kg,P Stokes,14329X0X45,6yo M,8.00,1.60,Active
00:35  Gawler,Gbjc Life Members Appreciation Hcp (C2),12,Articulating,10,Alysha Warren (a3) 56.5kg,R W Huxtable,36133X08X6,4yo G,12.00,2.50,Active
01:10  Gawler,Holdfast Insurance Brokers Hcp (56),1,Our Divinyl,11,Felicity Atkinson (a1.5) 59kg,B J Jones,1120043620,5yo G,151.00,6.00,Active
01:10  Gawler,Holdfast Insurance Brokers Hcp (56),2,Equine Headline,10,Rochelle Milnes 58.5kg,J Dunn & K Bishop,92661X8X4,5yo G,7.00,2.50,Active
01:10  Gawler,Holdfast Insurance Brokers Hcp (56),3,Important Product,3,Todd Pannell 58.5kg,Peter Nolan,738X066796,8yo G,51.00,3.80,Active
01:10  Gawler,Holdfast Insurance Brokers Hcp (56),4,Hasslefree,5,Teagan Voorham 58kg,James Short,51065307X3,9yo G,21.00,3.20,Active
01:10  Gawler,Holdfast Insurance Brokers Hcp (56),5,Shuttle Run,13,Kayla Crowther 57.5kg,Dylan Caboche,0600X03996,5yo G,34.00,16.00,Active
01:10  Gawler,Holdfast Insurance Brokers Hcp (56),6,Prince Kuro,9,Connor Murtagh 57kg,Sophie Logan,2159523948,5yo G,26.00,1.10,Active
01:10  Gawler,Holdfast Insurance Brokers Hcp (56),7,Kindra Park,6,Matthew Chadwick (a2) 56.5kg,G Dimitropoulos,043826X585,5yo G,9.50,3.20,Active
01:10  Gawler,Holdfast Insurance Brokers Hcp (56),8,Lakehurst,7,Monika Wolanin (a3) 56kg,Kate Halliday,6X0X195472,7yo G,41.00,6.00,Active
01:10  Gawler,Holdfast Insurance Brokers Hcp (56),9,Another Val,1,Sairyn Fawke 55kg,Scott Whittle,8836745400,6yo G,21.00,3.80,Active
01:10  Gawler,Holdfast Insurance Brokers Hcp (56),10,The Ice Cutter,12,Brooke King (a2) 54.5kg,Grant Kluske,020445485X,6yo G,26.00,3.50,Active
01:10  Gawler,Holdfast Insurance Brokers Hcp (56),11,Not A Single Bid,8,Alyssa Webb (a4) 54kg,Grant Young,0896255603,7yo G,5.00,2.30,Active
01:10  Gawler,Holdfast Insurance Brokers Hcp (56),12,Raw Grunt,2,Wesley Cave 54kg,Danny Penna,950X800500,5yo G,26.00,6.00,Active
01:10  Gawler,Holdfast Insurance Brokers Hcp (56),13,Nisko Tu,4,Anna Jordsjo 54kg,D L Huxtable,01027097X8,8yo H,34.00,3.80,Active
01:45  Gawler,Sportsbet More Places Hcp (56),2,One Kind,3,Ben Price 60kg,Travis Doudle,4753337224,5yo M,18.00,5.50,Active
01:45  Gawler,Sportsbet More Places Hcp (56),3,Samanth,9,Sophie Potter (a3) 60kg,T R Montgomerie,3863285521,5yo M,20.00,3.30,Active
01:45  Gawler,Sportsbet More Places Hcp (56),4,Kristobel,2,Caitlin Jones 59.5kg,Sarah Rutten,020X080X97,5yo M,251.00,4.80,Active
01:45  Gawler,Sportsbet More Places Hcp (56),5,Magic Princess,6,Jake Toeroek 59kg,Chris Bieg,X5221870X9,4yo M,13.00,1.50,Active
01:45  Gawler,Sportsbet More Places Hcp (56),6,Togetherforever,4,Rachael Kraemer (a4) 59kg,Ms L Treloar,1603970X73,6yo M,51.00,2.60,Active
01:45  Gawler,Sportsbet More Places Hcp (56),7,Artissi,12,Anna Jordsjo 58.5kg,Ms N Irwin,5643178776,5yo M,21.00,3.60,Active
01:45  Gawler,Sportsbet More Places Hcp (56),8,She Sparkles,11,Brooke King (a2) 58.5kg,Ms S Ratsch,X4445X0049,5yo M,126.00,6.00,Active
01:45  Gawler,Sportsbet More Places Hcp (56),9,Barbadian Babe,15,Dylan Caboche 57.5kg,T L Day,990X185887,6yo M,91.00,11.00,Active
01:45  Gawler,Sportsbet More Places Hcp (56),10,Eleanor Queen,7,Rochelle Milnes 56.5kg,J Dunn & K Bishop,0X56100X50,6yo M,21.00,6.50,Active
01:45  Gawler,Sportsbet More Places Hcp (56),11,Our Goddess,1,Felicity Atkinson (a1.5) 56.5kg,B J Jones,2468504724,7yo M,91.00,13.00,Active
01:45  Gawler,Sportsbet More Places Hcp (56),12,Chilko Lake,5,Alysha Warren (a3) 55.5kg,Danny Penna,5606097919,7yo M,34.00,6.00,Active
01:45  Gawler,Sportsbet More Places Hcp (56),13,Grandellie,8,Teagan Voorham 55.5kg,A B Beswick,616X650354,7yo M,501.00,31.00,Active
01:45  Gawler,Sportsbet More Places Hcp (56),14,Pouvoir De Soie,16,Monika Wolanin (a3) 55.5kg,Kate Halliday,247X7003X2,9yo M,301.00,61.00,Active
02:20  Gawler,Magain Fielke Real Estate Hcp (56),1,Allegedly,12,Dylan Caboche 60kg,Ms E Hubbard,1327343539,7yo G,41.00,7.50,Active
02:20  Gawler,Magain Fielke Real Estate Hcp (56),2,Hard Leaf,9,Jason Holder 60kg,D K Carrison,4072140738,4yo G,8.00,2.50,Active
02:20  Gawler,Magain Fielke Real Estate Hcp (56),4,Monseagle,3,Alana Livesey 59.5kg,G Richards & D Moyle,9245535X83,6yo G,11.00,4.20,Active
02:20  Gawler,Magain Fielke Real Estate Hcp (56),6,Colonel Hathi,13,Wesley Cave 59kg,Danny Penna,8071308769,5yo G,34.00,7.50,Active
02:20  Gawler,Magain Fielke Real Estate Hcp (56),8,Suggestive Miss,14,Ben Price 58.5kg,Travis Doudle,214390X662,7yo M,51.00,5.00,Active
02:20  Gawler,Magain Fielke Real Estate Hcp (56),9,Midnight Rush,11,Sairyn Fawke 58kg,David Page,137X629707,6yo G,26.00,6.00,Active
02:20  Gawler,Magain Fielke Real Estate Hcp (56),10,Spec Raider,1,Anna Jordsjo 57kg,Ryan Hannemann,3645120X48,6yo M,101.00,3.10,Active
02:20  Gawler,Magain Fielke Real Estate Hcp (56),11,Wheels,4,Felicity Atkinson (a1.5) 56.5kg,Alexander Justice,88077537X6,9yo M,61.00,2.00,Active
02:20  Gawler,Magain Fielke Real Estate Hcp (56),12,Sazerac,7,Margaret Collett 56kg,Paul Carey,7X00882025,5yo M,13.00,1.60,Active
02:20  Gawler,Magain Fielke Real Estate Hcp (56),13,Vee Rod,5,Emily Finnegan 57kg,Ms N Irwin,8909X06553,7yo G,31.00,4.00,Active
02:20  Gawler,Magain Fielke Real Estate Hcp (56),14,Spelman,15,Brooke King (a2) 56.5kg,M W Lewis,12480X6000,8yo G,51.00,7.50,Active
02:20  Gawler,Magain Fielke Real Estate Hcp (56),16,Hayai Mesu,8,Alyssa Webb (a4) 54kg,Grant Young,957690X770,6yo M,26.00,1.90,Active
00:39  Belmont,Tabtouch - Have You Got The Touch Mdn,1,Pearl King,12,Clint Johnston-Porter 58kg,Michael Grantham,250X,4yo H,1.34,1.50,Active
00:39  Belmont,Tabtouch - Have You Got The Touch Mdn,2,Toscano,3,Jordan Turner 58kg,C & M Gangemi,755X25,4yo G,4.80,1.50,Active
00:39  Belmont,Tabtouch - Have You Got The Touch Mdn,3,Old Mate Henry,4,Chris Parnham 58kg,Steele Casey,3X2,4yo G,1.50,1.04,Active
00:39  Belmont,Tabtouch - Have You Got The Touch Mdn,4,Hoya Destroyer,14,Steven Parnham 58kg,S V Vahala,0X3,4yo H,2.40,4.40,Active
00:39  Belmont,Tabtouch - Have You Got The Touch Mdn,5,Blood Saint,9,Troy Turner 58kg,Rhys Radford,00X9640X,4yo G,16.00,5.50,Active
00:39  Belmont,Tabtouch - Have You Got The Touch Mdn,6,Manjeri,13,Patrick Carbery 58kg,F R Kersley,0,5yo G,13.00,4.00,Active
00:39  Belmont,Tabtouch - Have You Got The Touch Mdn,7,The Great Mogul,2,Jason Whiting 58kg,Ms R Lockwood,7,6yo G,18.00,5.50,Active
00:39  Belmont,Tabtouch - Have You Got The Touch Mdn,8,Line Of Thought,8,Rocky Cheung (a3) 56kg,N D Parnham,8352607X42,4yo M,2.50,2.80,Active
00:39  Belmont,Tabtouch - Have You Got The Touch Mdn,9,Startling Star,15,Amy Jo Hayes (a3) 56kg,Michael Grantham,9,4yo M,51.00,18.00,Active
00:39  Belmont,Tabtouch - Have You Got The Touch Mdn,11,Dark Ambition,10,Chloe Azzopardi 55.5kg,Simon Miller,3,3yo G,91.00,2.30,Active
00:39  Belmont,Tabtouch - Have You Got The Touch Mdn,12,Alaskan Nugget,1,Natasha Faithfull 55.5kg,A W Maley,0,3yo G,20.00,5.50,Active
00:39  Belmont,Tabtouch - Have You Got The Touch Mdn,13,Ordashus,11,Natika Riordan (a3) 58kg,R C Mcpherson,7368X59,4yo G,34.00,7.50,Active
00:39  Belmont,Tabtouch - Have You Got The Touch Mdn,14,Star Assault,6,Laqdar Ramoly 56kg,N D Parnham,60X58,4yo M,9.50,2.80,Active
01:14  Belmont,Bisley Workwear Hcp (C3),1,Ain'tsobad,3,Brayden Gaerth 59kg,Ms T Itzstein,472X1115X,6yo M,1.30,2.10,Active
01:14  Belmont,Bisley Workwear Hcp (C3),2,Flagship,1,Chris Parnham 58.5kg,N D Parnham,9612X3166X,4yo G,10.00,1.28,Active
01:14  Belmont,Bisley Workwear Hcp (C3),3,Scenic Boom,8,Natasha Faithfull 57.5kg,D & B Pearce,5637X110X0,4yo G,5.00,1.01,Active
01:14  Belmont,Bisley Workwear Hcp (C3),4,Something Royal,5,Patrick Carbery 57.5kg,D M Luciani,622115X605,4yo M,10.00,2.30,Active
01:14  Belmont,Bisley Workwear Hcp (C3),5,Dubai's Daughter,2,Clint Johnston-Porter 57kg,Josh Brown,324511125X,5yo M,5.00,2.10,Active
01:14  Belmont,Bisley Workwear Hcp (C3),6,Magic Belle,7,Chanel Cooper (a3) 57kg,J P Taylor,X1222336X4,5yo M,18.00,1.55,Active
01:14  Belmont,Bisley Workwear Hcp (C3),7,Shoot To Fame,4,Zephen Johnston-Porter (a3) 56.5kg,D T Mcauliffe,X12984164X,4yo M,2.00,2.30,Active
01:14  Belmont,Bisley Workwear Hcp (C3),8,Anna's Boy,6,Alex Hearn 56kg,Ms J Panizza,40X809668X,7yo G,18.00,12.00,Active
01:49  Belmont,Morley Growers Market (Rs0ly),1,Jimmy Angel,7,Chanel Cooper (a3) 60kg,Russell Stewart,2X2,3yo G,1.70,1.04,Active
01:49  Belmont,Morley Growers Market (Rs0ly),6,Guard The Mullah,4,Chris Parnham 59kg,Josh Brown,5X,3yo G,4.80,1.80,Active
01:49  Belmont,Morley Growers Market (Rs0ly),7,Old Chap,6,Zephen Johnston-Porter (a3) 59kg,C G Willis,63,3yo G,2.05,1.70,Active
01:49  Belmont,Morley Growers Market (Rs0ly),8,Rock Fest,9,Clint Johnston-Porter 59kg,D & B Pearce,24X4X,3yo C,34.00,1.55,Active
01:49  Belmont,Morley Growers Market (Rs0ly),10,I'm Genevieve,5,Holly Nottle (a3) 57kg,P J Fernie,1,3yo F,1.90,1.20,Active
01:49  Belmont,Morley Growers Market (Rs0ly),11,So Much Serenity,8,Alex Hearn 57kg,T M Wolfe,0X83,3yo F,61.00,5.00,Active
02:27  Belmont,Lawn Pride Australia Hcp (C1),1,Define Beautiful,7,Zephen Johnston-Porter (a3) 60kg,T M Andrews,454X730X36,4yo M,13.00,2.15,Active
02:27  Belmont,Lawn Pride Australia Hcp (C1),2,Lipstick Jungle,4,Rocky Cheung (a3) 59.5kg,Russell Stewart,145X2533,4yo M,1.36,1.01,Active
02:27  Belmont,Lawn Pride Australia Hcp (C1),3,Mississippi Dawn,5,Amy Jo Hayes (a3) 59kg,Michael Grantham,2170X,4yo M,4.60,1.60,Active
02:27  Belmont,Lawn Pride Australia Hcp (C1),4,Addictive Dream,6,Chanel Cooper (a3) 58kg,G & A Williams,67X134X,4yo M,6.50,1.90,Active
02:27  Belmont,Lawn Pride Australia Hcp (C1),5,Gingerbread Girl,8,Laqdar Ramoly 58kg,Ryan Hill,7X912465,4yo M,2.50,1.04,Active
02:27  Belmont,Lawn Pride Australia Hcp (C1),6,Star Supreme,3,Chris Parnham 58kg,N D Parnham,5X2X0X,4yo M,1.40,2.10,Active
02:27  Belmont,Lawn Pride Australia Hcp (C1),7,Playful Star,1,Sharni Webster (a3) 57.5kg,N D Parnham,06158X4797,4yo M,4.60,2.10,Active
02:27  Belmont,Lawn Pride Australia Hcp (C1),8,Bling Beach,2,Madi Derrick 55kg,Rebecca Bayliss,0051836X99,5yo M,26.00,14.00,Active
02:27  Belmont,Lawn Pride Australia Hcp (C1),9,Nice As Pie,9,Natasha Faithfull 55kg,E A Martinovich,78X7658X08,4yo M,11.00,3.10,Active
03:07  Belmont,Mca Polytrack Hcp (C1),1,Cavallo Red,10,Natika Riordan (a3) 61.5kg,S & J Casey,26X22330X2,6yo G,1.50,1.04,Active
03:07  Belmont,Mca Polytrack Hcp (C1),2,Battle Commander,4,Sharni Webster (a3) 60.5kg,P H Jordan,7X83080X95,4yo G,6.50,2.00,Active
03:07  Belmont,Mca Polytrack Hcp (C1),3,Brazen Bid,5,Jefferson Tsang (a3) 60kg,S J Miller,2X335598X7,4yo G,10.00,3.20,Active
03:07  Belmont,Mca Polytrack Hcp (C1),4,Saturday Sesh,3,Steven Parnham 60kg,A W Maley,X0534260X1,4yo G,126.00,4.40,Active
03:07  Belmont,Mca Polytrack Hcp (C1),5,Sniper's Son,2,Holly Nottle (a3) 60kg,Josh Brown,4322223442,4yo G,1.45,1.01,Active
03:07  Belmont,Mca Polytrack Hcp (C1),6,G'day Bloke,1,Jason Whiting 59.5kg,Rebecca Bayliss,24332X6180,5yo G,7.00,1.40,Active
03:07  Belmont,Mca Polytrack Hcp (C1),7,Sesh,6,Jordan Turner 59.5kg,Rhys Radford,770X71338X,4yo G,126.00,3.60,Active
03:07  Belmont,Mca Polytrack Hcp (C1),8,Geronimo Magic,9,Brayden Gaerth 59kg,Jade Tangaroa,965147X,4yo G,10.00,6.50,Active
03:07  Belmont,Mca Polytrack Hcp (C1),9,Great Edition,8,Laqdar Ramoly 59kg,N D Parnham,31846X0023,4yo G,3.20,1.40,Active
03:07  Belmont,Mca Polytrack Hcp (C1),10,Bundaberg,7,Zephen Johnston-Porter (a3) 57.5kg,D T Mcauliffe,48X18,3yo G,1.60,1.04,Active
03:46  Belmont,Glenroy Chaff (Rs0ly),1,Ain't No Other Man,6,Natika Riordan (a3) 63kg,S & J Casey,423118X626,7yo G,23.00,2.20,Active
03:46  Belmont,Glenroy Chaff (Rs0ly),2,Linden's Gold,11,Holly Nottle (a3) 62kg,Takahide Ikenushi,0X00146112,5yo G,2.55,1.70,Active
03:46  Belmont,Glenroy Chaff (Rs0ly),3,Military Power,8,Chanel Cooper (a3) 60kg,J P Taylor,5392223813,6yo G,2.80,4.20,Active
03:46  Belmont,Glenroy Chaff (Rs0ly),4,Kohli,10,Shaun O'donnell 58.5kg,Rebecca Bayliss,0X10543X74,8yo G,5.00,2.10,Active
03:46  Belmont,Glenroy Chaff (Rs0ly),5,Colossal,2,Jordan Turner 58kg,C & M Gangemi,113X337X83,7yo G,3.40,2.40,Active
03:46  Belmont,Glenroy Chaff (Rs0ly),6,Village Girl,3,Natasha Faithfull 57.5kg,Takahide Ikenushi,4X67893114,6yo M,2.45,1.60,Active
03:46  Belmont,Glenroy Chaff (Rs0ly),7,Play Dice,7,Jade Mc Naught 57kg,D H Hopperton,4X710X49X8,5yo M,7.00,1.70,Active
03:46  Belmont,Glenroy Chaff (Rs0ly),8,Centre Bond,4,Jason Whiting 56kg,G C Ballantyne,X323X523X2,5yo G,1.50,1.80,Active
03:46  Belmont,Glenroy Chaff (Rs0ly),9,Miss Esprit,12,Holly Watson 56kg,Kirsten Melis,12937X60X4,6yo M,8.00,2.10,Active
03:46  Belmont,Glenroy Chaff (Rs0ly),10,Tropicconi,13,Laqdar Ramoly 56kg,Ms K Kersley,4778278X91,6yo M,3.00,7.50,Active
03:46  Belmont,Glenroy Chaff (Rs0ly),11,Divine Inanna,5,Zephen Johnston-Porter (a3) 55kg,Meryl Hayley,0X4432676X,6yo M,14.00,6.00,Active
03:46  Belmont,Glenroy Chaff (Rs0ly),12,Outfield,9,Madi Derrick 54.5kg,Steven Burton,58700X9340,6yo G,5.50,3.90,Active
03:46  Belmont,Glenroy Chaff (Rs0ly),13,Teabiscuit,1,Troy Turner 54.5kg,Kirsten Melis,1622301040,7yo H,5.00,1.50,Active
04:25  Belmont,Schweppes Hcp,1,Sunny Times,1,Keshaw Dhurun 60kg,Mack Hall,1186772141,6yo G,3.00,3.20,Active
04:25  Belmont,Schweppes Hcp,2,Alnaud,7,Zephen Johnston-Porter (a3) 59.5kg,Michael Grantham,3202756731,7yo G,3.60,1.30,Active
04:25  Belmont,Schweppes Hcp,4,Brown Morn,9,Brayden Gaerth 58.5kg,S J Miller,22X034108X,5yo G,17.00,5.00,Active
04:25  Belmont,Schweppes Hcp,5,Ilgiro Delmondo,14,Shaun O'donnell 58.5kg,Ms J Erkelens,08696X0521,5yo M,1.30,2.70,Active
04:25  Belmont,Schweppes Hcp,6,Vancouver Storm,11,Joey Azzopardi 58.5kg,Ms D Riordan,680X671563,5yo G,2.80,4.00,Active
04:25  Belmont,Schweppes Hcp,7,Sluice Box,6,Steven Parnham 58kg,A W Maley,40X0956024,10yo G,3.60,5.00,Active
04:25  Belmont,Schweppes Hcp,8,Olden,12,Rocky Cheung (a3) 55.5kg,Daniel O'connor,907595X827,8yo G,2.75,2.70,Active
04:25  Belmont,Schweppes Hcp,9,Style Diva,2,Natasha Faithfull 55.5kg,P J Fernie,7X55X95603,5yo M,4.20,2.70,Active
04:25  Belmont,Schweppes Hcp,10,Argyle Star,5,Amy Jo Hayes (a3) 55kg,Josh Brown,4700563054,7yo M,4.40,7.00,Active
04:25  Belmont,Schweppes Hcp,11,Bay Street,3,Clint Johnston-Porter 55kg,Michael Grantham,X815434876,7yo G,3.00,1.10,Active
04:25  Belmont,Schweppes Hcp,12,Hot Like Chili,8,Jason Whiting 55kg,G C Ballantyne,06X6660384,5yo M,3.00,1.30,Active
04:25  Belmont,Schweppes Hcp,13,Warralea Diamond,13,Damien Boutet 55kg,Diane Reed,8X50X09500,6yo G,34.00,26.00,Active
04:25  Belmont,Schweppes Hcp,14,Taviosa,4,Madi Derrick 55kg,G L Carige,087X0X0009,6yo G,34.00,34.00,Active
